{
  "primary_scenario": "main_spurious_arrow",
  "methods": {
    "sequence_erm": {
      "val_iid_accuracy": {
        "mean": 0.981201171875,
        "std": 0.014518636250759907,
        "n": 30,
        "values": [
          0.968262,
          0.969727,
          0.969727,
          0.96875,
          0.966797,
          0.999512,
          0.999512,
          0.97168,
          0.972656,
          0.970215,
          0.967285,
          0.964844,
          1.0,
          0.971191,
          0.999512,
          0.999512,
          0.999023,
          0.970703,
          0.975586,
          0.96875,
          0.969727,
          1.0,
          0.999512,
          1.0,
          0.969238,
          0.97168,
          1.0,
          0.975098,
          0.977539,
          1.0
        ]
      },
      "iid_test_accuracy": {
        "mean": 0.9802815755208333,
        "std": 0.01468384887437469,
        "n": 30,
        "values": [
          0.963867,
          0.968262,
          0.970703,
          0.968994,
          0.968994,
          0.998291,
          0.999268,
          0.968262,
          0.966309,
          0.97168,
          0.972412,
          0.968506,
          0.998535,
          0.972412,
          0.999512,
          0.999268,
          0.997314,
          0.969238,
          0.969238,
          0.968262,
          0.973145,
          1.0,
          0.999512,
          0.999268,
          0.971924,
          0.971436,
          0.999756,
          0.967285,
          0.967529,
          0.999268
        ]
      },
      "ood_test_accuracy": {
        "mean": 0.3795572916666667,
        "std": 0.4658476208101481,
        "n": 30,
        "values": [
          0.031982,
          0.035645,
          0.031982,
          0.031006,
          0.028809,
          0.977051,
          0.975586,
          0.027588,
          0.030762,
          0.033203,
          0.033447,
          0.029053,
          0.986816,
          0.027344,
          0.995361,
          0.968262,
          0.936035,
          0.031494,
          0.031494,
          0.03418,
          0.031982,
          0.997803,
          0.98584,
          0.994385,
          0.029785,
          0.033936,
          0.99292,
          0.031494,
          0.026611,
          0.984863
        ]
      },
      "ood_gap": {
        "mean": 0.6007242838541667,
        "std": 0.45129070289772066,
        "n": 30,
        "values": [
          0.931885,
          0.932617,
          0.938721,
          0.937988,
          0.940186,
          0.02124,
          0.023682,
          0.940674,
          0.935547,
          0.938477,
          0.938965,
          0.939453,
          0.011719,
          0.945068,
          0.00415,
          0.031006,
          0.061279,
          0.937744,
          0.937744,
          0.934082,
          0.941162,
          0.002197,
          0.013672,
          0.004883,
          0.942139,
          0.9375,
          0.006836,
          0.935791,
          0.940918,
          0.014404
        ]
      }
    }
  },
  "scenarios": {
    "main_spurious_arrow": {
      "sequence_erm": {
        "iid_test_accuracy": {
          "mean": 0.9802815755208333,
          "std": 0.01468384887437469,
          "n": 30
        },
        "ood_test_accuracy": {
          "mean": 0.3795572916666667,
          "std": 0.4658476208101481,
          "n": 30
        },
        "ood_gap": {
          "mean": 0.6007242838541667,
          "std": 0.45129070289772066,
          "n": 30
        }
      }
    },
    "no_spurious_correlation": {
      "sequence_erm": {
        "iid_test_accuracy": {
          "mean": 0.9969645182291667,
          "std": 0.014694902528185474,
          "n": 30
        },
        "ood_test_accuracy": {
          "mean": 0.996826171875,
          "std": 0.014490011877848175,
          "n": 30
        },
        "ood_gap": {
          "mean": 0.00013834635416666666,
          "std": 0.0004697597341629471,
          "n": 30
        }
      }
    }
  }
}