{
  "primary_scenario": "hc_main",
  "methods": {
    "core_only_oracle": {
      "val_iid_accuracy": {
        "mean": 0.9302734375,
        "std": 0.004676636717726034,
        "n": 10,
        "values": [
          0.922852,
          0.935059,
          0.928223,
          0.924805,
          0.93457,
          0.928223,
          0.93457,
          0.935547,
          0.926758,
          0.932129
        ]
      },
      "iid_test_accuracy": {
        "mean": 0.930224609375,
        "std": 0.005958898699776051,
        "n": 10,
        "values": [
          0.936035,
          0.935791,
          0.929932,
          0.92627,
          0.926025,
          0.929443,
          0.924561,
          0.942383,
          0.927246,
          0.924561
        ]
      },
      "ood_test_accuracy": {
        "mean": 0.92822265625,
        "std": 0.006998697916666667,
        "n": 10,
        "values": [
          0.912598,
          0.930908,
          0.930908,
          0.927246,
          0.932861,
          0.92627,
          0.926025,
          0.928223,
          0.94043,
          0.926758
        ]
      },
      "ood_gap": {
        "mean": 0.002001953125,
        "std": 0.010398085233697367,
        "n": 10,
        "values": [
          0.023438,
          0.004883,
          -0.000977,
          -0.000977,
          -0.006836,
          0.003174,
          -0.001465,
          0.01416,
          -0.013184,
          -0.002197
        ]
      }
    },
    "final_frame_mlp": {
      "val_iid_accuracy": {
        "mean": 0.51923828125,
        "std": 0.00867132756029814,
        "n": 10,
        "values": [
          0.528809,
          0.513672,
          0.536621,
          0.516113,
          0.526367,
          0.510254,
          0.519531,
          0.515625,
          0.515137,
          0.510254
        ]
      },
      "iid_test_accuracy": {
        "mean": 0.498974609375,
        "std": 0.006849294057143221,
        "n": 10,
        "values": [
          0.487793,
          0.51416,
          0.501709,
          0.500977,
          0.498047,
          0.500732,
          0.496094,
          0.492432,
          0.498779,
          0.499023
        ]
      },
      "ood_test_accuracy": {
        "mean": 0.503125,
        "std": 0.008317359874021324,
        "n": 10,
        "values": [
          0.49585,
          0.510742,
          0.495117,
          0.506592,
          0.517578,
          0.50293,
          0.511963,
          0.492432,
          0.498535,
          0.499512
        ]
      },
      "ood_gap": {
        "mean": -0.004150390625,
        "std": 0.008284808979573186,
        "n": 10,
        "values": [
          -0.008057,
          0.003418,
          0.006592,
          -0.005615,
          -0.019531,
          -0.002197,
          -0.015869,
          0.0,
          0.000244,
          -0.000488
        ]
      }
    },
    "nuisance_only_oracle": {
      "val_iid_accuracy": {
        "mean": 0.96865234375,
        "std": 0.002835957228466732,
        "n": 10,
        "values": [
          0.968262,
          0.969727,
          0.969727,
          0.96875,
          0.966797,
          0.965332,
          0.963379,
          0.97168,
          0.972656,
          0.970215
        ]
      },
      "iid_test_accuracy": {
        "mean": 0.968896484375,
        "std": 0.002506193330863463,
        "n": 10,
        "values": [
          0.963867,
          0.968262,
          0.970703,
          0.968994,
          0.968994,
          0.969482,
          0.972412,
          0.968262,
          0.966309,
          0.97168
        ]
      },
      "ood_test_accuracy": {
        "mean": 0.031201171875,
        "std": 0.0024163207760280773,
        "n": 10,
        "values": [
          0.031982,
          0.035645,
          0.031982,
          0.031006,
          0.028809,
          0.032471,
          0.028564,
          0.027588,
          0.030762,
          0.033203
        ]
      },
      "ood_gap": {
        "mean": 0.9376953125,
        "std": 0.0036408890395131345,
        "n": 10,
        "values": [
          0.931885,
          0.932617,
          0.938721,
          0.937988,
          0.940186,
          0.937012,
          0.943848,
          0.940674,
          0.935547,
          0.938477
        ]
      }
    },
    "sequence_erm": {
      "val_iid_accuracy": {
        "mean": 0.96865234375,
        "std": 0.002835957228466732,
        "n": 10,
        "values": [
          0.968262,
          0.969727,
          0.969727,
          0.96875,
          0.966797,
          0.965332,
          0.963379,
          0.97168,
          0.972656,
          0.970215
        ]
      },
      "iid_test_accuracy": {
        "mean": 0.968896484375,
        "std": 0.002506193330863463,
        "n": 10,
        "values": [
          0.963867,
          0.968262,
          0.970703,
          0.968994,
          0.968994,
          0.969482,
          0.972412,
          0.968262,
          0.966309,
          0.97168
        ]
      },
      "ood_test_accuracy": {
        "mean": 0.031201171875,
        "std": 0.0024163207760280773,
        "n": 10,
        "values": [
          0.031982,
          0.035645,
          0.031982,
          0.031006,
          0.028809,
          0.032471,
          0.028564,
          0.027588,
          0.030762,
          0.033203
        ]
      },
      "ood_gap": {
        "mean": 0.9376953125,
        "std": 0.0036408890395131345,
        "n": 10,
        "values": [
          0.931885,
          0.932617,
          0.938721,
          0.937988,
          0.940186,
          0.937012,
          0.943848,
          0.940674,
          0.935547,
          0.938477
        ]
      }
    },
    "sequence_erm_temporal_pool": {
      "val_iid_accuracy": {
        "mean": 0.690771484375,
        "std": 0.06085587819709444,
        "n": 10,
        "values": [
          0.669434,
          0.748535,
          0.740234,
          0.731934,
          0.584961,
          0.642578,
          0.70459,
          0.732422,
          0.607422,
          0.745605
        ]
      },
      "iid_test_accuracy": {
        "mean": 0.685595703125,
        "std": 0.060840705877719885,
        "n": 10,
        "values": [
          0.670898,
          0.743408,
          0.732666,
          0.739746,
          0.58667,
          0.624756,
          0.698242,
          0.716064,
          0.602295,
          0.741211
        ]
      },
      "ood_test_accuracy": {
        "mean": 0.6843505859375,
        "std": 0.06763223626669772,
        "n": 10,
        "values": [
          0.658936,
          0.746826,
          0.730713,
          0.73584,
          0.575195,
          0.613281,
          0.707031,
          0.731689,
          0.595215,
          0.748779
        ]
      },
      "ood_gap": {
        "mean": 0.0012451171875,
        "std": 0.0097210694189681,
        "n": 10,
        "values": [
          0.011963,
          -0.003418,
          0.001953,
          0.003906,
          0.011475,
          0.011475,
          -0.008789,
          -0.015625,
          0.00708,
          -0.007568
        ]
      }
    }
  },
  "scenarios": {
    "hc_main": {
      "final_frame_mlp": {
        "iid_test_accuracy": {
          "mean": 0.498974609375,
          "std": 0.006849294057143221,
          "n": 10
        },
        "ood_test_accuracy": {
          "mean": 0.503125,
          "std": 0.008317359874021324,
          "n": 10
        },
        "ood_gap": {
          "mean": -0.004150390625,
          "std": 0.008284808979573186,
          "n": 10
        }
      },
      "sequence_erm": {
        "iid_test_accuracy": {
          "mean": 0.968896484375,
          "std": 0.002506193330863463,
          "n": 10
        },
        "ood_test_accuracy": {
          "mean": 0.031201171875,
          "std": 0.0024163207760280773,
          "n": 10
        },