{
  "primary_scenario": "oecorr_0p97",
  "methods": {
    "core_only_oracle": {
      "val_iid_accuracy": {
        "mean": 1.0,
        "std": 0.0,
        "n": 10,
        "values": [
          1.0,
          1.0,
          1.0,
          1.0,
          1.0,
          1.0,
          1.0,
          1.0,
          1.0,
          1.0
        ]
      },
      "iid_test_accuracy": {
        "mean": 1.0,
        "std": 0.0,
        "n": 10,
        "values": [
          1.0,
          1.0,
          1.0,
          1.0,
          1.0,
          1.0,
          1.0,
          1.0,
          1.0,
          1.0
        ]
      },
      "ood_test_accuracy": {
        "mean": 0.9999267578125,
        "std": 0.00023161213331311374,
        "n": 10,
        "values": [
          1.0,
          1.0,
          1.0,
          0.999268,
          1.0,
          1.0,
          1.0,
          1.0,
          1.0,
          1.0
        ]
      },
      "ood_gap": {
        "mean": 7.32421875e-05,
        "std": 0.00023161213331311374,
        "n": 10,
        "values": [
          0.0,
          0.0,
          0.0,
          0.000732,
          0.0,
          0.0,
          0.0,
          0.0,
          0.0,
          0.0
        ]
      }
    },
    "final_frame_mlp": {
      "val_iid_accuracy": {
        "mean": 0.52109375,
        "std": 0.008134113645383063,
        "n": 10,
        "values": [
          0.539551,
          0.514648,
          0.523438,
          0.51416,
          0.521484,
          0.523438,
          0.513672,
          0.523438,
          0.524902,
          0.512207
        ]
      },
      "iid_test_accuracy": {
        "mean": 0.497314453125,
        "std": 0.0054482210948294425,
        "n": 10,
        "values": [
          0.495605,
          0.494873,
          0.492676,
          0.491211,
          0.492676,
          0.503662,
          0.506348,
          0.493896,
          0.498291,
          0.503906
        ]
      },
      "ood_test_accuracy": {
        "mean": 0.5021240234375,
        "std": 0.005172670977326207,
        "n": 10,
        "values": [
          0.505371,
          0.49707,
          0.501221,
          0.505371,
          0.504883,
          0.501465,
          0.491211,
          0.501953,
          0.510254,
          0.502441
        ]
      },
      "ood_gap": {
        "mean": -0.0048095703125,
        "std": 0.00904020204415807,
        "n": 10,
        "values": [
          -0.009766,
          -0.002197,
          -0.008545,
          -0.01416,
          -0.012207,
          0.002197,
          0.015137,
          -0.008057,
          -0.011963,
          0.001465
        ]
      }
    },
    "nuisance_only_oracle": {
      "val_iid_accuracy": {
        "mean": 0.96865234375,
        "std": 0.002835957228466732,
        "n": 10,
        "values": [
          0.968262,
          0.969727,
          0.969727,
          0.96875,
          0.966797,
          0.965332,
          0.963379,
          0.97168,
          0.972656,
          0.970215
        ]
      },
      "iid_test_accuracy": {
        "mean": 0.968896484375,
        "std": 0.002506193330863463,
        "n": 10,
        "values": [
          0.963867,
          0.968262,
          0.970703,
          0.968994,
          0.968994,
          0.969482,
          0.972412,
          0.968262,
          0.966309,
          0.97168
        ]
      },
      "ood_test_accuracy": {
        "mean": 0.031201171875,
        "std": 0.0024163207760280773,
        "n": 10,
        "values": [
          0.031982,
          0.035645,
          0.031982,
          0.031006,
          0.028809,
          0.032471,
          0.028564,
          0.027588,
          0.030762,
          0.033203
        ]
      },
      "ood_gap": {
        "mean": 0.9376953125,
        "std": 0.0036408890395131345,
        "n": 10,
        "values": [
          0.931885,
          0.932617,
          0.938721,
          0.937988,
          0.940186,
          0.937012,
          0.943848,
          0.940674,
          0.935547,
          0.938477
        ]
      }
    },
    "sequence_erm": {
      "val_iid_accuracy": {
        "mean": 0.96865234375,
        "std": 0.002835957228466732,
        "n": 10,
        "values": [
          0.968262,
          0.969727,
          0.969727,
          0.96875,
          0.966797,
          0.965332,
          0.963379,
          0.97168,
          0.972656,
          0.970215
        ]
      },
      "iid_test_accuracy": {
        "mean": 0.968896484375,
        "std": 0.002506193330863463,
        "n": 10,
        "values": [
          0.963867,
          0.968262,
          0.970703,
          0.968994,
          0.968994,
          0.969482,
          0.972412,
          0.968262,
          0.966309,
          0.97168
        ]
      },
      "ood_test_accuracy": {
        "mean": 0.031201171875,
        "std": 0.0024163207760280773,
        "n": 10,
        "values": [
          0.031982,
          0.035645,
          0.031982,
          0.031006,
          0.028809,
          0.032471,
          0.028564,
          0.027588,
          0.030762,
          0.033203
        ]
      },
      "ood_gap": {
        "mean": 0.9376953125,
        "std": 0.0036408890395131345,
        "n": 10,
        "values": [
          0.931885,
          0.932617,
          0.938721,
          0.937988,
          0.940186,
          0.937012,
          0.943848,
          0.940674,
          0.935547,
          0.938477
        ]
      }
    }
  },
  "scenarios": {
    "oecorr_0p55": {
      "sequence_erm": {
        "iid_test_accuracy": {
          "mean": 0.9996337890625,
          "std": 0.00035002951119151313,
          "n": 10
        },
        "ood_test_accuracy": {
          "mean": 0.9996826171875,
          "std": 0.0005153365950191264,
          "n": 10
        },
        "ood_gap": {
          "mean": -4.8828125e-05,
          "std": 0.000360285540709288,
          "n": 10
        }
      },
      "core_only_oracle": {
        "iid_test_accuracy": {
          "mean": 1.0,
          "std": 0.0,
          "n": 10
        },
        "ood_test_accuracy": {
          "mean": 1.0,
          "std": 0.0,
          "n": 10
        },
        "ood_gap": {
          "mean": 0.0,
          "std": 0.0,
          "n": 10
        }
      },
      "nuisance_only_oracle": {
        "iid_test_accuracy": {
          "mean": 0.5440185546875,
          "std": 0.013508648845197044,
          "n": 10
        },
        "ood_test_accuracy": {
          "mean": 0.4600830078125,
          "std": 0.0071939827988958946,
          "n": 10
        },
        "ood_gap": {
          "mean": 0.083935546875,
          "std": 0.015822874262110244,
          "n": 10
        }
      },
      "final_frame_mlp": {
        "iid_test_accuracy": {
          "mean": 0.5012451171875,
          "std": 0.003907012864961868,
          "n": 10
        },
        "ood_test_accuracy": {
          "mean": 0.50078125,
          "std": 0.008446936334501854,
          "n": 10
        },
        "ood_gap": {
          "mean": 0.0004638671875,
          "std": 0.008562690788426731,
          "n": 10
        }
      }
    },
    "oecorr_0p70": {
      "sequence_erm": {
        "iid_test_accuracy": {
          "mean": 0.7903076171875,
          "std": 0.14409452101334505,
          "n": 10
        },
        "ood_test_accuracy": {
          "mean": 0.5099853515625,
          "std": 0.33762422029908234,
          "n": 10
        },
        "ood_gap": {
          "mean": 0.280322265625,
          "std": 0.19368184576117342,
          "n": 10
        }
      },
      "core_only_oracle": {
        "iid_test_accuracy": {
          "mean": 1.0,
          "std": 0.0,
          "n": 10
        },
        "ood_test_accuracy": {
          "mean": 1.0,
          "std": 0.0,
          "n": 10
        },
        "ood_gap": {
          "mean": 0.0,
          "std": 0.0,
          "n": 10
        }
      },