{
  "primary_scenario": "oe_main",
  "methods": {
    "core_only_oracle": {
      "val_iid_accuracy": {
        "mean": 1.0,
        "std": 0.0,
        "n": 30,
        "values": [
          1.0,
          1.0,
          1.0,
          1.0,
          1.0,
          1.0,
          1.0,
          1.0,
          1.0,
          1.0,
          1.0,
          1.0,
          1.0,
          1.0,
          1.0,
          1.0,
          1.0,
          1.0,
          1.0,
          1.0,
          1.0,
          1.0,
          1.0,
          1.0,
          1.0,
          1.0,
          1.0,
          1.0,
          1.0,
          1.0
        ]
      },
      "iid_test_accuracy": {
        "mean": 1.0,
        "std": 0.0,
        "n": 30,
        "values": [
          1.0,
          1.0,
          1.0,
          1.0,
          1.0,
          1.0,
          1.0,
          1.0,
          1.0,
          1.0,
          1.0,
          1.0,
          1.0,
          1.0,
          1.0,
          1.0,
          1.0,
          1.0,
          1.0,
          1.0,
          1.0,
          1.0,
          1.0,
          1.0,
          1.0,
          1.0,
          1.0,
          1.0,
          1.0,
          1.0
        ]
      },
      "ood_test_accuracy": {
        "mean": 1.0,
        "std": 0.0,
        "n": 30,
        "values": [
          1.0,
          1.0,
          1.0,
          1.0,
          1.0,
          1.0,
          1.0,
          1.0,
          1.0,
          1.0,
          1.0,
          1.0,
          1.0,
          1.0,
          1.0,
          1.0,
          1.0,
          1.0,
          1.0,
          1.0,
          1.0,
          1.0,
          1.0,
          1.0,
          1.0,
          1.0,
          1.0,
          1.0,
          1.0,
          1.0
        ]
      },
      "ood_gap": {
        "mean": 0.0,
        "std": 0.0,
        "n": 30,
        "values": [
          0.0,
          0.0,
          0.0,
          0.0,
          0.0,
          0.0,
          0.0,
          0.0,
          0.0,
          0.0,
          0.0,
          0.0,
          0.0,
          0.0,
          0.0,
          0.0,
          0.0,
          0.0,
          0.0,
          0.0,
          0.0,
          0.0,
          0.0,
          0.0,
          0.0,
          0.0,
          0.0,
          0.0,
          0.0,
          0.0
        ]
      }
    },
    "final_frame_mlp": {
      "val_iid_accuracy": {
        "mean": 0.5172526041666666,
        "std": 0.008558100917997219,
        "n": 30,
        "values": [
          0.525879,
          0.506348,
          0.537598,
          0.510254,
          0.520508,
          0.508301,
          0.519043,
          0.516602,
          0.519043,
          0.510742,
          0.51123,
          0.518555,
          0.512207,
          0.505371,
          0.523926,
          0.522461,
          0.525391,
          0.516113,
          0.520996,
          0.507324,
          0.517578,
          0.533203,
          0.527832,
          0.507812,
          0.500488,
          0.51416,
          0.523438,
          0.512695,
          0.51709,
          0.525391
        ]
      },
      "iid_test_accuracy": {
        "mean": 0.5001546223958333,
        "std": 0.008006991982565692,
        "n": 30,
        "values": [
          0.487061,
          0.490723,
          0.500732,
          0.515381,
          0.499023,
          0.500488,
          0.498291,
          0.486572,
          0.510254,
          0.503662,
          0.505371,
          0.501465,
          0.481201,
          0.501709,
          0.503906,
          0.501465,
          0.498047,
          0.495361,
          0.503174,
          0.504883,
          0.500732,
          0.496582,
          0.49585,
          0.505127,
          0.494873,
          0.501221,
          0.498535,
          0.512207,
          0.517822,
          0.49292
        ]
      },
      "ood_test_accuracy": {
        "mean": 0.5005289713541666,
        "std": 0.007352809714611653,
        "n": 30,
        "values": [
          0.493652,
          0.500732,
          0.494873,
          0.518799,
          0.512695,
          0.505127,
          0.511719,
          0.490723,
          0.49585,
          0.497559,
          0.496338,
          0.501221,
          0.494385,
          0.503174,
          0.496094,
          0.487793,
          0.50293,
          0.510498,
          0.501221,
          0.50708,
          0.50415,
          0.492432,
          0.503418,
          0.49707,
          0.509766,
          0.503418,
          0.493408,
          0.501465,
          0.496826,
          0.491455
        ]
      },
      "ood_gap": {
        "mean": -0.00037434895833333336,
        "std": 0.009405995428187763,
        "n": 30,
        "values": [
          -0.006592,
          -0.01001,
          0.005859,
          -0.003418,
          -0.013672,
          -0.004639,
          -0.013428,
          -0.00415,
          0.014404,
          0.006104,
          0.009033,
          0.000244,
          -0.013184,
          -0.001465,
          0.007812,
          0.013672,
          -0.004883,
          -0.015137,
          0.001953,
          -0.002197,
          -0.003418,
          0.00415,
          -0.007568,
          0.008057,
          -0.014893,
          -0.002197,
          0.005127,
          0.010742,
          0.020996,
          0.001465
        ]
      }
    },
    "nuisance_only_oracle": {
      "val_iid_accuracy": {
        "mean": 0.969873046875,
        "std": 0.0034625375083431305,
        "n": 30,
        "values": [
          0.968262,
          0.969727,
          0.969727,
          0.96875,
          0.966797,
          0.965332,
          0.963379,
          0.97168,
          0.972656,
          0.970215,
          0.967285,
          0.964844,
          0.967285,
          0.971191,
          0.968262,
          0.972168,
          0.972168,
          0.970703,
          0.975586,
          0.96875,
          0.969727,
          0.963379,
          0.967773,
          0.97168,
          0.969238,
          0.97168,
          0.969727,
          0.975098,
          0.977539,
          0.975586
        ]
      },
      "iid_test_accuracy": {
        "mean": 0.9698649088541667,
        "std": 0.002433550242031942,
        "n": 30,
        "values": [
          0.963867,
          0.968262,
          0.970703,
          0.968994,
          0.968994,
          0.969482,
          0.972412,
          0.968262,
          0.966309,
          0.97168,
          0.972412,
          0.968506,
          0.967773,
          0.972412,
          0.969971,
          0.973633,
          0.973877,
          0.969238,
          0.969238,
          0.968262,
          0.973145,
          0.967285,
          0.968506,
          0.973389,
          0.971924,
          0.971436,
          0.969727,
          0.967285,
          0.967529,
          0.971436
        ]
      },
      "ood_test_accuracy": {
        "mean": 0.030818684895833334,
        "std": 0.0022382133758104272,
        "n": 30,
        "values": [
          0.031982,
          0.035645,
          0.031982,
          0.031006,
          0.028809,
          0.032471,
          0.028564,
          0.027588,
          0.030762,
          0.033203,
          0.033447,
          0.029053,
          0.028809,
          0.027344,
          0.028809,
          0.030762,
          0.032959,
          0.031494,
          0.031494,
          0.03418,
          0.031982,
          0.030029,
          0.030029,
          0.028076,
          0.029785,
          0.033936,
          0.032715,
          0.031494,
          0.026611,
          0.029541
        ]
      },
      "ood_gap": {
        "mean": 0.9390462239583334,
        "std": 0.0032706759179157298,
        "n": 30,