{
  "primary_scenario": "occ_main",
  "methods": {
    "core_only_oracle": {
      "val_iid_accuracy": {
        "mean": 1.0,
        "std": 0.0,
        "n": 10,
        "values": [
          1.0,
          1.0,
          1.0,
          1.0,
          1.0,
          1.0,
          1.0,
          1.0,
          1.0,
          1.0
        ]
      },
      "iid_test_accuracy": {
        "mean": 1.0,
        "std": 0.0,
        "n": 10,
        "values": [
          1.0,
          1.0,
          1.0,
          1.0,
          1.0,
          1.0,
          1.0,
          1.0,
          1.0,
          1.0
        ]
      },
      "ood_test_accuracy": {
        "mean": 1.0,
        "std": 0.0,
        "n": 10,
        "values": [
          1.0,
          1.0,
          1.0,
          1.0,
          1.0,
          1.0,
          1.0,
          1.0,
          1.0,
          1.0
        ]
      },
      "ood_gap": {
        "mean": 0.0,
        "std": 0.0,
        "n": 10,
        "values": [
          0.0,
          0.0,
          0.0,
          0.0,
          0.0,
          0.0,
          0.0,
          0.0,
          0.0,
          0.0
        ]
      }
    },
    "final_frame_mlp": {
      "val_iid_accuracy": {
        "mean": 0.511669921875,
        "std": 0.011629001124848583,
        "n": 10,
        "values": [
          0.527344,
          0.498535,
          0.508301,
          0.523926,
          0.51416,
          0.51123,
          0.521973,
          0.48877,
          0.51123,
          0.51123
        ]
      },
      "iid_test_accuracy": {
        "mean": 0.50068359375,
        "std": 0.007282323755379017,
        "n": 10,
        "values": [
          0.511475,
          0.494629,
          0.511475,
          0.498291,
          0.498535,
          0.500488,
          0.497559,
          0.48999,
          0.508057,
          0.496338
        ]
      },
      "ood_test_accuracy": {
        "mean": 0.49931640625,
        "std": 0.006422130883845872,
        "n": 10,
        "values": [
          0.501953,
          0.505615,
          0.490234,
          0.496582,
          0.494385,
          0.497803,
          0.501709,
          0.50415,
          0.490967,
          0.509766
        ]
      },
      "ood_gap": {
        "mean": 0.0013671875,
        "std": 0.0122984855401806,
        "n": 10,
        "values": [
          0.009521,
          -0.010986,
          0.02124,
          0.001709,
          0.00415,
          0.002686,
          -0.00415,
          -0.01416,
          0.01709,
          -0.013428
        ]
      }
    },
    "nuisance_only_oracle": {
      "val_iid_accuracy": {
        "mean": 0.968701171875,
        "std": 0.004190567133275848,
        "n": 10,
        "values": [
          0.972656,
          0.968262,
          0.968262,
          0.967285,
          0.972656,
          0.973145,
          0.968262,
          0.958496,
          0.96875,
          0.969238
        ]
      },
      "iid_test_accuracy": {
        "mean": 0.9699462890625,
        "std": 0.0022477737998874824,
        "n": 10,
        "values": [
          0.969727,
          0.972168,
          0.969971,
          0.96875,
          0.965332,
          0.969727,
          0.970703,
          0.972656,
          0.972412,
          0.968018
        ]
      },
      "ood_test_accuracy": {
        "mean": 0.03056640625,
        "std": 0.0021121260673838977,
        "n": 10,
        "values": [
          0.029785,
          0.029541,
          0.031982,
          0.029053,
          0.030518,
          0.028076,
          0.029541,
          0.031494,
          0.030029,
          0.035645
        ]
      },
      "ood_gap": {
        "mean": 0.9393798828125,
        "std": 0.0033888774690974148,
        "n": 10,
        "values": [
          0.939941,
          0.942627,
          0.937988,
          0.939697,
          0.934814,
          0.94165,
          0.941162,
          0.941162,
          0.942383,
          0.932373
        ]
      }
    },
    "sequence_erm": {
      "val_iid_accuracy": {
        "mean": 1.0,
        "std": 0.0,
        "n": 10,
        "values": [
          1.0,
          1.0,
          1.0,
          1.0,
          1.0,
          1.0,
          1.0,
          1.0,
          1.0,
          1.0
        ]
      },
      "iid_test_accuracy": {
        "mean": 1.0,
        "std": 0.0,
        "n": 10,
        "values": [
          1.0,
          1.0,
          1.0,
          1.0,
          1.0,
          1.0,
          1.0,
          1.0,
          1.0,
          1.0
        ]
      },
      "ood_test_accuracy": {
        "mean": 1.0,
        "std": 0.0,
        "n": 10,
        "values": [
          1.0,
          1.0,
          1.0,
          1.0,
          1.0,
          1.0,
          1.0,
          1.0,
          1.0,
          1.0
        ]
      },
      "ood_gap": {
        "mean": 0.0,
        "std": 0.0,
        "n": 10,
        "values": [
          0.0,
          0.0,
          0.0,
          0.0,
          0.0,
          0.0,
          0.0,
          0.0,
          0.0,
          0.0
        ]
      }
    },
    "sequence_erm_temporal_pool": {
      "val_iid_accuracy": {
        "mean": 0.51474609375,
        "std": 0.008830558868959032,
        "n": 10,
        "values": [
          0.520996,
          0.500488,
          0.510742,
          0.521973,
          0.528809,
          0.516113,
          0.51709,
          0.510254,
          0.502441,
          0.518555
        ]
      },
      "iid_test_accuracy": {
        "mean": 0.4985107421875,
        "std": 0.0071674206507116285,
        "n": 10,
        "values": [
          0.496338,
          0.497803,
          0.494629,
          0.498291,
          0.512695,
          0.505371,
          0.499023,
          0.485107,
          0.500488,
          0.495361
        ]
      },
      "ood_test_accuracy": {
        "mean": 0.5003662109375,
        "std": 0.0051844366545022984,
        "n": 10,
        "values": [
          0.507324,
          0.503174,
          0.500732,
          0.496582,
          0.501709,
          0.504883,
          0.489746,
          0.498047,
          0.504639,
          0.496826
        ]
      },
      "ood_gap": {
        "mean": -0.00185546875,
        "std": 0.007810973972053027,
        "n": 10,
        "values": [
          -0.010986,
          -0.005371,
          -0.006104,
          0.001709,
          0.010986,
          0.000488,
          0.009277,
          -0.012939,
          -0.00415,
          -0.001465
        ]
      }
    }
  },
  "scenarios": {
    "occ_main": {
      "final_frame_mlp": {
        "iid_test_accuracy": {
          "mean": 0.50068359375,
          "std": 0.007282323755379017,
          "n": 10
        },
        "ood_test_accuracy": {
          "mean": 0.49931640625,
          "std": 0.006422130883845872,
          "n": 10
        },
        "ood_gap": {
          "mean": 0.0013671875,
          "std": 0.0122984855401806,
          "n": 10
        }
      },
      "sequence_erm": {
        "iid_test_accuracy": {
          "mean": 1.0,
          "std": 0.0,
          "n": 10
        },
        "ood_test_accuracy": {
          "mean": 1.0,
          "std": 0.0,
          "n": 10
        },
        "ood_gap": {
          "mean": 0.0,
          "std": 0.0,
          "n": 10
        }
      },
      "sequence_erm_temporal_pool": {
        "iid_test_accuracy": {
          "mean": 0.4985107421875,
          "std": 0.0071674206507116285,
          "n": 10
        },
        "ood_test_accuracy": {
          "mean": 0.5003662109375,
          "std": 0.0051844366545022984,
          "n": 10
        },
        "ood_gap": {
          "mean": -0.00185546875,
          "std": 0.007810973972053027,
          "n": 10
        }
      },
      "core_only_oracle": {
        "iid_test_accuracy": {
          "mean": 1.0,
          "std": 0.0,
          "n": 10
        },