{
  "primary_scenario": "cx_grid32_clutter",
  "methods": {
    "core_only_oracle": {
      "val_iid_accuracy": {
        "mean": 1.0,
        "std": 0.0,
        "n": 5,
        "values": [
          1.0,
          1.0,
          1.0,
          1.0,
          1.0
        ]
      },
      "iid_test_accuracy": {
        "mean": 1.0,
        "std": 0.0,
        "n": 5,
        "values": [
          1.0,
          1.0,
          1.0,
          1.0,
          1.0
        ]
      },
      "ood_test_accuracy": {
        "mean": 1.0,
        "std": 0.0,
        "n": 5,
        "values": [
          1.0,
          1.0,
          1.0,
          1.0,
          1.0
        ]
      },
      "ood_gap": {
        "mean": 0.0,
        "std": 0.0,
        "n": 5,
        "values": [
          0.0,
          0.0,
          0.0,
          0.0,
          0.0
        ]
      }
    },
    "final_frame_mlp": {
      "val_iid_accuracy": {
        "mean": 0.5267578125,
        "std": 0.014312555437938485,
        "n": 5,
        "values": [
          0.521484,
          0.549805,
          0.511719,
          0.521484,
          0.529297
        ]
      },
      "iid_test_accuracy": {
        "mean": 0.5015625,
        "std": 0.01569123534455409,
        "n": 5,
        "values": [
          0.508301,
          0.517578,
          0.487305,
          0.482422,
          0.512207
        ]
      },
      "ood_test_accuracy": {
        "mean": 0.50263671875,
        "std": 0.013095590248161933,
        "n": 5,
        "values": [
          0.520508,
          0.486328,
          0.498535,
          0.510254,
          0.497559
        ]
      },
      "ood_gap": {
        "mean": -0.00107421875,
        "std": 0.023638562220243686,
        "n": 5,
        "values": [
          -0.012207,
          0.03125,
          -0.01123,
          -0.027832,
          0.014648
        ]
      }
    },
    "nuisance_only_oracle": {
      "val_iid_accuracy": {
        "mean": 0.9728515625,
        "std": 0.002796449426421163,
        "n": 5,
        "values": [
          0.969727,
          0.974609,
          0.970703,
          0.976562,
          0.972656
        ]
      },
      "iid_test_accuracy": {
        "mean": 0.96943359375,
        "std": 0.00426513043006298,
        "n": 5,
        "values": [
          0.967773,
          0.976074,
          0.969238,
          0.964355,
          0.969727
        ]
      },
      "ood_test_accuracy": {
        "mean": 0.03125,
        "std": 0.005121136953955818,
        "n": 5,
        "values": [
          0.026855,
          0.039551,
          0.028809,
          0.02832,
          0.032715
        ]
      },
      "ood_gap": {
        "mean": 0.93818359375,
        "std": 0.00230580448303078,
        "n": 5,
        "values": [
          0.940918,
          0.936523,
          0.94043,
          0.936035,
          0.937012
        ]
      }
    },
    "sequence_erm": {
      "val_iid_accuracy": {
        "mean": 0.973046875,
        "std": 0.0028134492755640494,
        "n": 5,
        "values": [
          0.969727,
          0.974609,
          0.970703,
          0.976562,
          0.973633
        ]
      },
      "iid_test_accuracy": {
        "mean": 0.9689453125,
        "std": 0.004361857701977987,
        "n": 5,
        "values": [
          0.967773,
          0.976074,
          0.969238,
          0.964355,
          0.967285
        ]
      },
      "ood_test_accuracy": {
        "mean": 0.031640625,
        "std": 0.0053309937749828834,
        "n": 5,
        "values": [
          0.026855,
          0.039551,
          0.028809,
          0.02832,
          0.034668
        ]
      },
      "ood_gap": {
        "mean": 0.9373046875,
        "std": 0.0034284159534261637,
        "n": 5,
        "values": [
          0.940918,
          0.936523,
          0.94043,
          0.936035,
          0.932617
        ]
      }
    }
  },
  "scenarios": {
    "cx_grid32": {
      "sequence_erm": {
        "iid_test_accuracy": {
          "mean": 0.968359375,
          "std": 0.004493779439392007,
          "n": 5
        },
        "ood_test_accuracy": {
          "mean": 0.028125,
          "std": 0.0044296556367350495,
          "n": 5
        },
        "ood_gap": {
          "mean": 0.940234375,
          "std": 0.006556437280414701,
          "n": 5
        }
      },
      "core_only_oracle": {
        "iid_test_accuracy": {
          "mean": 0.999609375,
          "std": 0.0004085254035810916,
          "n": 5
        },
        "ood_test_accuracy": {
          "mean": 0.999609375,
          "std": 0.0006366408598830712,
          "n": 5
        },
        "ood_gap": {
          "mean": 0.0,
          "std": 0.00034526698300124393,
          "n": 5
        }
      },
      "nuisance_only_oracle": {
        "iid_test_accuracy": {
          "mean": 0.968359375,
          "std": 0.004493779439392007,
          "n": 5
        },
        "ood_test_accuracy": {
          "mean": 0.028125,
          "std": 0.0044296556367350495,
          "n": 5
        },
        "ood_gap": {
          "mean": 0.940234375,
          "std": 0.006556437280414701,
          "n": 5
        }
      },
      "final_frame_mlp": {
        "iid_test_accuracy": {
          "mean": 0.50595703125,
          "std": 0.010716633312436451,
          "n": 5
        },
        "ood_test_accuracy": {
          "mean": 0.50234375,
          "std": 0.016433402707544773,
          "n": 5
        },
        "ood_gap": {
          "mean": 0.00361328125,
          "std": 0.01930595153597648,
          "n": 5
        }
      }
    },
    "cx_clutter": {
      "sequence_erm": {
        "iid_test_accuracy": {
          "mean": 0.971484375,
          "std": 0.004035342482694216,
          "n": 5
        },
        "ood_test_accuracy": {
          "mean": 0.02861328125,
          "std": 0.00230580448303078,
          "n": 5
        },
        "ood_gap": {
          "mean": 0.94287109375,
          "std": 0.0025837415147115144,
          "n": 5
        }
      },
      "core_only_oracle": {
        "iid_test_accuracy": {
          "mean": 1.0,
          "std": 0.0,
          "n": 5
        },
        "ood_test_accuracy": {
          "mean": 1.0,
          "std": 0.0,
          "n": 5
        },
        "ood_gap": {
          "mean": 0.0,
          "std": 0.0,
          "n": 5
        }
      },
      "nuisance_only_oracle": {
        "iid_test_accuracy": {
          "mean": 0.97158203125,
          "std": 0.003957789868976454,
          "n": 5
        },
        "ood_test_accuracy": {
          "mean": 0.028515625,
          "std": 0.0021451057262196088,
          "n": 5
        },
        "ood_gap": {
          "mean": 0.94306640625,
          "std": 0.0025975461090371847,
          "n": 5
        }
      },
      "final_frame_mlp": {
        "iid_test_accuracy": {
          "mean": 0.4947265625,
          "std": 0.013902731461034436,
          "n": 5
        },
        "ood_test_accuracy": {
          "mean": 0.49638671875,
          "std": 0.00570056596589698,
          "n": 5
        },
        "ood_gap": {
          "mean": -0.00166015625,
          "std": 0.016948354023372372,
          "n": 5
        }
      }
    },
    "cx_grid32_clutter": {
      "sequence_erm": {
        "iid_test_accuracy": {
          "mean": 0.9689453125,
          "std": 0.004361857701977987,
          "n": 5
        },
        "ood_test_accuracy": {
          "mean": 0.031640625,
          "std": 0.0053309937749828834,
          "n": 5
        },
        "ood_gap": {
          "mean": 0.9373046875,
          "std": 0.0034284159534261637,
          "n": 5
        }
      },
      "core_only_oracle": {
        "iid_test_accuracy": {
          "mean": 1.0,
          "std": 0.0,
          "n": 5
        },
        "ood_test_accuracy": {
          "mean": 1.0,
          "std": 0.0,
          "n": 5
        },
        "ood_gap": {
          "mean": 0.0,
          "std": 0.0,