{
  "primary_scenario": "cxns_grid32_clutter",
  "methods": {
    "sequence_erm": {
      "val_iid_accuracy": {
        "mean": 0.5115234375,
        "std": 0.007222602377773671,
        "n": 5,
        "values": [
          0.511719,
          0.518555,
          0.510742,
          0.516602,
          0.5
        ]
      },
      "iid_test_accuracy": {
        "mean": 0.502734375,
        "std": 0.015809307273633715,
        "n": 5,
        "values": [
          0.516602,
          0.51416,
          0.477051,
          0.505859,
          0.5
        ]
      },
      "ood_test_accuracy": {
        "mean": 0.49716796875,
        "std": 0.004826333512949831,
        "n": 5,
        "values": [
          0.492676,
          0.501465,
          0.500488,
          0.491211,
          0.5
        ]
      },
      "ood_gap": {
        "mean": 0.00556640625,
        "std": 0.01832063524169344,
        "n": 5,
        "values": [
          0.023926,
          0.012695,
          -0.023438,
          0.014648,
          0.0
        ]
      }
    }
  },
  "scenarios": {
    "cxns_grid32": {
      "sequence_erm": {
        "iid_test_accuracy": {
          "mean": 0.5009765625,
          "std": 0.013033542788124158,
          "n": 5
        },
        "ood_test_accuracy": {
          "mean": 0.5013671875,
          "std": 0.01077764036040734,
          "n": 5
        },
        "ood_gap": {
          "mean": -0.000390625,
          "std": 0.015353320460334137,
          "n": 5
        }
      }
    },
    "cxns_clutter": {
      "sequence_erm": {
        "iid_test_accuracy": {
          "mean": 0.50029296875,
          "std": 0.003340357690720131,
          "n": 5
        },
        "ood_test_accuracy": {
          "mean": 0.49375,
          "std": 0.008859311273470099,
          "n": 5
        },
        "ood_gap": {
          "mean": 0.00654296875,
          "std": 0.012018068697578932,
          "n": 5
        }
      }
    },
    "cxns_grid32_clutter": {
      "sequence_erm": {
        "iid_test_accuracy": {
          "mean": 0.502734375,
          "std": 0.015809307273633715,
          "n": 5
        },
        "ood_test_accuracy": {
          "mean": 0.49716796875,
          "std": 0.004826333512949831,
          "n": 5
        },
        "ood_gap": {
          "mean": 0.00556640625,
          "std": 0.01832063524169344,
          "n": 5
        }
      }
    }
  }
}