{
  "primary_scenario": "additive_single_channel",
  "methods": {
    "core_only_oracle": {
      "val_iid_accuracy": {
        "mean": 1.0,
        "std": 0.0,
        "n": 10,
        "values": [
          1.0,
          1.0,
          1.0,
          1.0,
          1.0,
          1.0,
          1.0,
          1.0,
          1.0,
          1.0
        ]
      },
      "iid_test_accuracy": {
        "mean": 1.0,
        "std": 0.0,
        "n": 10,
        "values": [
          1.0,
          1.0,
          1.0,
          1.0,
          1.0,
          1.0,
          1.0,
          1.0,
          1.0,
          1.0
        ]
      },
      "ood_test_accuracy": {
        "mean": 1.0,
        "std": 0.0,
        "n": 10,
        "values": [
          1.0,
          1.0,
          1.0,
          1.0,
          1.0,
          1.0,
          1.0,
          1.0,
          1.0,
          1.0
        ]
      },
      "ood_gap": {
        "mean": 0.0,
        "std": 0.0,
        "n": 10,
        "values": [
          0.0,
          0.0,
          0.0,
          0.0,
          0.0,
          0.0,
          0.0,
          0.0,
          0.0,
          0.0
        ]
      }
    },
    "counterfactual_invariance": {
      "val_iid_accuracy": {
        "mean": 0.959130859375,
        "std": 0.09493831985696674,
        "n": 10,
        "values": [
          0.692383,
          0.999512,
          0.999512,
          0.999512,
          0.966797,
          0.965332,
          0.999023,
          1.0,
          0.999023,
          0.970215
        ]
      },
      "iid_test_accuracy": {
        "mean": 0.95966796875,
        "std": 0.09578217509246306,
        "n": 10,
        "values": [
          0.689941,
          0.999512,
          1.0,
          0.998291,
          0.968994,
          0.969482,
          0.999756,
          0.999512,
          0.999512,
          0.97168
        ]
      },
      "ood_test_accuracy": {
        "mean": 0.639697265625,
        "std": 0.46993050169643413,
        "n": 10,
        "values": [
          0.313232,
          0.998535,
          0.998291,
          0.998047,
          0.028809,
          0.032471,
          0.998535,
          0.998779,
          0.99707,
          0.033203
        ]
      },
      "ood_gap": {
        "mean": 0.319970703125,
        "std": 0.44231551750657944,
        "n": 10,
        "values": [
          0.376709,
          0.000977,
          0.001709,
          0.000244,
          0.940186,
          0.937012,
          0.001221,
          0.000732,
          0.002441,
          0.938477
        ]
      }
    },
    "final_frame_mlp": {
      "val_iid_accuracy": {
        "mean": 0.514892578125,
        "std": 0.00663236216172174,
        "n": 10,
        "values": [
          0.51416,
          0.517578,
          0.516113,
          0.510254,
          0.523926,
          0.504395,
          0.513184,
          0.511719,
          0.526855,
          0.510742
        ]
      },
      "iid_test_accuracy": {
        "mean": 0.50078125,
        "std": 0.008406855186790907,
        "n": 10,
        "values": [
          0.504883,
          0.514893,
          0.499023,
          0.510986,
          0.500488,
          0.496582,
          0.490967,
          0.487061,
          0.499268,
          0.503662
        ]
      },
      "ood_test_accuracy": {
        "mean": 0.5040771484375,
        "std": 0.010131786913159507,
        "n": 10,
        "values": [
          0.496826,
          0.499512,
          0.518555,
          0.511963,
          0.513672,
          0.508057,
          0.489502,
          0.513184,
          0.493896,
          0.495605
        ]
      },
      "ood_gap": {
        "mean": -0.0032958984375,
        "std": 0.013577209192043565,
        "n": 10,
        "values": [
          0.008057,
          0.015381,
          -0.019531,
          -0.000977,
          -0.013184,
          -0.011475,
          0.001465,
          -0.026123,
          0.005371,
          0.008057
        ]
      }
    },
    "nuisance_only_oracle": {
      "val_iid_accuracy": {
        "mean": 0.96865234375,
        "std": 0.002835957228466732,
        "n": 10,
        "values": [
          0.968262,
          0.969727,
          0.969727,
          0.96875,
          0.966797,
          0.965332,
          0.963379,
          0.97168,
          0.972656,
          0.970215
        ]
      },
      "iid_test_accuracy": {
        "mean": 0.9688720703125,
        "std": 0.0025352253407300153,
        "n": 10,
        "values": [
          0.963867,
          0.968262,
          0.970703,
          0.968994,
          0.968994,
          0.969482,
          0.972412,
          0.968262,
          0.966064,
          0.97168
        ]
      },
      "ood_test_accuracy": {
        "mean": 0.031201171875,
        "std": 0.0024163207760280773,
        "n": 10,
        "values": [
          0.031982,
          0.035645,
          0.031982,
          0.031006,
          0.028809,
          0.032471,
          0.028564,
          0.027588,
          0.030762,
          0.033203
        ]
      },
      "ood_gap": {
        "mean": 0.9376708984375,
        "std": 0.0036576759912206338,
        "n": 10,
        "values": [
          0.931885,
          0.932617,
          0.938721,
          0.937988,
          0.940186,
          0.937012,
          0.943848,
          0.940674,
          0.935303,
          0.938477
        ]
      }
    },
    "sequence_erm": {
      "val_iid_accuracy": {
        "mean": 0.96865234375,
        "std": 0.002835957228466732,
        "n": 10,
        "values": [
          0.968262,
          0.969727,
          0.969727,
          0.96875,
          0.966797,
          0.965332,
          0.963379,
          0.97168,
          0.972656,
          0.970215
        ]
      },
      "iid_test_accuracy": {
        "mean": 0.96884765625,
        "std": 0.0025246234071603178,
        "n": 10,
        "values": [
          0.963867,
          0.967773,
          0.970703,
          0.968994,
          0.968994,
          0.969482,
          0.972412,
          0.968262,
          0.966309,
          0.97168
        ]
      },
      "ood_test_accuracy": {
        "mean": 0.0312255859375,
        "std": 0.002466907827943189,
        "n": 10,
        "values": [
          0.031982,
          0.035889,
          0.031982,
          0.031006,
          0.028809,
          0.032471,
          0.028564,
          0.027588,
          0.030762,
          0.033203
        ]
      },
      "ood_gap": {
        "mean": 0.9376220703125,
        "std": 0.003759818468919762,
        "n": 10,
        "values": [
          0.931885,
          0.931885,
          0.938721,
          0.937988,
          0.940186,
          0.937012,
          0.943848,
          0.940674,
          0.935547,
          0.938477
        ]
      }
    },
    "main_gap_reduction": {
      "seeds": [
        0,
        1,
        2,
        3,
        4,
        5,
        6,
        7,
        8,
        9
      ],
      "values": [
        0.555176,
        0.930908,
        0.937012,
        0.937744,
        0.0,
        0.0,
        0.942627,
        0.939941,
        0.933105,
        0.0
      ],
      "mean": 0.6176513671875,
      "consistent_positive": false
    }
  },
  "scenarios": {
    "two_channel": {
      "final_frame_mlp": {
        "iid_test_accuracy": {
          "mean": 0.496630859375,
          "std": 0.009078763786481809,
          "n": 10
        },
        "ood_test_accuracy": {
          "mean": 0.50263671875,
          "std": 0.004536609038380049,
          "n": 10
        },
        "ood_gap": {
          "mean": -0.006005859375,
          "std": 0.009495504643017358,
          "n": 10
        }
      },
      "sequence_erm": {
        "iid_test_accuracy": {
          "mean": 0.968896484375,
          "std": 0.002506193330863463,
          "n": 10
        },