{
  "primary_scenario": "cxns_grid32_clutter",
  "methods": {
    "sequence_erm": {
      "val_iid_accuracy": {
        "mean": 0.52080078125,
        "std": 0.008362306455188562,
        "n": 5,
        "values": [
          0.517578,
          0.51416,
          0.532227,
          0.513184,
          0.526855
        ]
      },
      "iid_test_accuracy": {
        "mean": 0.4978515625,
        "std": 0.006979177294670857,
        "n": 5,
        "values": [
          0.508789,
          0.500488,
          0.494629,
          0.494141,
          0.491211
        ]
      },
      "ood_test_accuracy": {
        "mean": 0.496484375,
        "std": 0.006545518975952234,
        "n": 5,
        "values": [
          0.489746,
          0.504883,
          0.490234,
          0.49707,
          0.500488
        ]
      },
      "ood_gap": {
        "mean": 0.0013671875,
        "std": 0.011029105088701315,
        "n": 5,
        "values": [
          0.019043,
          -0.004395,
          0.004395,
          -0.00293,
          -0.009277
        ]
      }
    }
  },
  "scenarios": {
    "cxns_grid32": {
      "sequence_erm": {
        "iid_test_accuracy": {
          "mean": 0.49833984375,
          "std": 0.005139725533961238,
          "n": 5
        },
        "ood_test_accuracy": {
          "mean": 0.49873046875,
          "std": 0.00551995420354007,
          "n": 5
        },
        "ood_gap": {
          "mean": -0.000390625,
          "std": 0.0026158389132771237,
          "n": 5
        }
      }
    },
    "cxns_clutter": {
      "sequence_erm": {
        "iid_test_accuracy": {
          "mean": 0.49599609375,
          "std": 0.013599312181470135,
          "n": 5
        },
        "ood_test_accuracy": {
          "mean": 0.5099609375,
          "std": 0.01587702628592905,
          "n": 5
        },
        "ood_gap": {
          "mean": -0.01396484375,
          "std": 0.024302969900987424,
          "n": 5
        }
      }
    },
    "cxns_grid32_clutter": {
      "sequence_erm": {
        "iid_test_accuracy": {
          "mean": 0.4978515625,
          "std": 0.006979177294670857,
          "n": 5
        },
        "ood_test_accuracy": {
          "mean": 0.496484375,
          "std": 0.006545518975952234,
          "n": 5
        },
        "ood_gap": {
          "mean": 0.0013671875,
          "std": 0.011029105088701315,
          "n": 5
        }
      }
    }
  }
}