{
  "primary_scenario": "oe_main",
  "methods": {
    "core_only_oracle": {
      "val_iid_accuracy": {
        "mean": 1.0,
        "std": 0.0,
        "n": 10,
        "values": [
          1.0,
          1.0,
          1.0,
          1.0,
          1.0,
          1.0,
          1.0,
          1.0,
          1.0,
          1.0
        ]
      },
      "iid_test_accuracy": {
        "mean": 1.0,
        "std": 0.0,
        "n": 10,
        "values": [
          1.0,
          1.0,
          1.0,
          1.0,
          1.0,
          1.0,
          1.0,
          1.0,
          1.0,
          1.0
        ]
      },
      "ood_test_accuracy": {
        "mean": 1.0,
        "std": 0.0,
        "n": 10,
        "values": [
          1.0,
          1.0,
          1.0,
          1.0,
          1.0,
          1.0,
          1.0,
          1.0,
          1.0,
          1.0
        ]
      },
      "ood_gap": {
        "mean": 0.0,
        "std": 0.0,
        "n": 10,
        "values": [
          0.0,
          0.0,
          0.0,
          0.0,
          0.0,
          0.0,
          0.0,
          0.0,
          0.0,
          0.0
        ]
      }
    },
    "counterfactual_invariance": {
      "val_iid_accuracy": {
        "mean": 0.896337890625,
        "std": 0.18834159028399275,
        "n": 10,
        "values": [
          0.968262,
          0.969727,
          0.969727,
          0.583984,
          1.0,
          1.0,
          1.0,
          0.97168,
          0.5,
          1.0
        ]
      },
      "iid_test_accuracy": {
        "mean": 0.895751953125,
        "std": 0.18742174705538814,
        "n": 10,
        "values": [
          0.963867,
          0.968262,
          0.970703,
          0.586914,
          1.0,
          0.999512,
          1.0,
          0.968262,
          0.5,
          1.0
        ]
      },
      "ood_test_accuracy": {
        "mean": 0.504248046875,
        "std": 0.45734151106567555,
        "n": 10,
        "values": [
          0.031982,
          0.035645,
          0.031982,
          0.416504,
          0.999512,
          1.0,
          1.0,
          0.027588,
          0.5,
          0.999268
        ]
      },
      "ood_gap": {
        "mean": 0.39150390625,
        "std": 0.47146761321092184,
        "n": 10,
        "values": [
          0.931885,
          0.932617,
          0.938721,
          0.17041,
          0.000488,
          -0.000488,
          0.0,
          0.940674,
          0.0,
          0.000732
        ]
      }
    },
    "final_frame_mlp": {
      "val_iid_accuracy": {
        "mean": 0.517431640625,
        "std": 0.009403693475904536,
        "n": 10,
        "values": [
          0.525879,
          0.506348,
          0.537598,
          0.510254,
          0.520508,
          0.508301,
          0.519043,
          0.516602,
          0.519043,
          0.510742
        ]
      },
      "iid_test_accuracy": {
        "mean": 0.49921875,
        "std": 0.009353981475016405,
        "n": 10,
        "values": [
          0.487061,
          0.490723,
          0.500732,
          0.515381,
          0.499023,
          0.500488,
          0.498291,
          0.486572,
          0.510254,
          0.503662
        ]
      },
      "ood_test_accuracy": {
        "mean": 0.5021728515625,
        "std": 0.00947123688401531,
        "n": 10,
        "values": [
          0.493652,
          0.500732,
          0.494873,
          0.518799,
          0.512695,
          0.505127,
          0.511719,
          0.490723,
          0.49585,
          0.497559
        ]
      },
      "ood_gap": {
        "mean": -0.0029541015625,
        "std": 0.009147548100584615,
        "n": 10,
        "values": [
          -0.006592,
          -0.01001,
          0.005859,
          -0.003418,
          -0.013672,
          -0.004639,
          -0.013428,
          -0.00415,
          0.014404,
          0.006104
        ]
      }
    },
    "nuisance_only_oracle": {
      "val_iid_accuracy": {
        "mean": 0.96865234375,
        "std": 0.002835957228466732,
        "n": 10,
        "values": [
          0.968262,
          0.969727,
          0.969727,
          0.96875,
          0.966797,
          0.965332,
          0.963379,
          0.97168,
          0.972656,
          0.970215
        ]
      },
      "iid_test_accuracy": {
        "mean": 0.968896484375,
        "std": 0.002506193330863463,
        "n": 10,
        "values": [
          0.963867,
          0.968262,
          0.970703,
          0.968994,
          0.968994,
          0.969482,
          0.972412,
          0.968262,
          0.966309,
          0.97168
        ]
      },
      "ood_test_accuracy": {
        "mean": 0.031201171875,
        "std": 0.0024163207760280773,
        "n": 10,
        "values": [
          0.031982,
          0.035645,
          0.031982,
          0.031006,
          0.028809,
          0.032471,
          0.028564,
          0.027588,
          0.030762,
          0.033203
        ]
      },
      "ood_gap": {
        "mean": 0.9376953125,
        "std": 0.0036408890395131345,
        "n": 10,
        "values": [
          0.931885,
          0.932617,
          0.938721,
          0.937988,
          0.940186,
          0.937012,
          0.943848,
          0.940674,
          0.935547,
          0.938477
        ]
      }
    },
    "sequence_erm": {
      "val_iid_accuracy": {
        "mean": 0.96865234375,
        "std": 0.002835957228466732,
        "n": 10,
        "values": [
          0.968262,
          0.969727,
          0.969727,
          0.96875,
          0.966797,
          0.965332,
          0.963379,
          0.97168,
          0.972656,
          0.970215
        ]
      },
      "iid_test_accuracy": {
        "mean": 0.968896484375,
        "std": 0.002506193330863463,
        "n": 10,
        "values": [
          0.963867,
          0.968262,
          0.970703,
          0.968994,
          0.968994,
          0.969482,
          0.972412,
          0.968262,
          0.966309,
          0.97168
        ]
      },
      "ood_test_accuracy": {
        "mean": 0.031201171875,
        "std": 0.0024163207760280773,
        "n": 10,
        "values": [
          0.031982,
          0.035645,
          0.031982,
          0.031006,
          0.028809,
          0.032471,
          0.028564,
          0.027588,
          0.030762,
          0.033203
        ]
      },
      "ood_gap": {
        "mean": 0.9376953125,
        "std": 0.0036408890395131345,
        "n": 10,
        "values": [
          0.931885,
          0.932617,
          0.938721,
          0.937988,
          0.940186,
          0.937012,
          0.943848,
          0.940674,
          0.935547,
          0.938477
        ]
      }
    },
    "sequence_erm_temporal_pool": {
      "val_iid_accuracy": {
        "mean": 0.99990234375,
        "std": 0.00020587745183387886,
        "n": 10,
        "values": [
          1.0,
          1.0,
          1.0,
          1.0,
          0.999512,
          1.0,
          1.0,
          1.0,
          0.999512,
          1.0
        ]
      },
      "iid_test_accuracy": {
        "mean": 0.9994140625,
        "std": 0.0005299095246126207,
        "n": 10,
        "values": [
          0.999512,
          0.998779,
          1.0,
          1.0,
          0.999512,
          0.999512,
          0.999756,
          0.999268,
          0.999512,
          0.998291
        ]
      },
      "ood_test_accuracy": {
        "mean": 0.9995361328125,
        "std": 0.0005573207574304666,
        "n": 10,
        "values": [
          0.999512,
          0.998535,
          1.0,
          1.0,
          0.999756,
          0.999756,
          1.0,
          0.999023,
          1.0,
          0.998779
        ]
      },
      "ood_gap": {
        "mean": -0.0001220703125,
        "std": 0.00026370201409537194,
        "n": 10,