{
  "primary_scenario": "oe_family_main",
  "methods": {
    "sequence_erm": {
      "val_iid_accuracy": {
        "mean": 0.96865234375,
        "std": 0.002835957228466732,
        "n": 10,
        "values": [
          0.968262,
          0.969727,
          0.969727,
          0.96875,
          0.966797,
          0.965332,
          0.963379,
          0.97168,
          0.972656,
          0.970215
        ]
      },
      "iid_test_accuracy": {
        "mean": 0.968896484375,
        "std": 0.002506193330863463,
        "n": 10,
        "values": [
          0.963867,
          0.968262,
          0.970703,
          0.968994,
          0.968994,
          0.969482,
          0.972412,
          0.968262,
          0.966309,
          0.97168
        ]
      },
      "ood_test_accuracy": {
        "mean": 0.031201171875,
        "std": 0.0024163207760280773,
        "n": 10,
        "values": [
          0.031982,
          0.035645,
          0.031982,
          0.031006,
          0.028809,
          0.032471,
          0.028564,
          0.027588,
          0.030762,
          0.033203
        ]
      },
      "ood_gap": {
        "mean": 0.9376953125,
        "std": 0.0036408890395131345,
        "n": 10,
        "values": [
          0.931885,
          0.932617,
          0.938721,
          0.937988,
          0.940186,
          0.937012,
          0.943848,
          0.940674,
          0.935547,
          0.938477
        ]
      }
    },
    "sequence_erm_lstm": {
      "val_iid_accuracy": {
        "mean": 0.96865234375,
        "std": 0.002835957228466732,
        "n": 10,
        "values": [
          0.968262,
          0.969727,
          0.969727,
          0.96875,
          0.966797,
          0.965332,
          0.963379,
          0.97168,
          0.972656,
          0.970215
        ]
      },
      "iid_test_accuracy": {
        "mean": 0.968896484375,
        "std": 0.002506193330863463,
        "n": 10,
        "values": [
          0.963867,
          0.968262,
          0.970703,
          0.968994,
          0.968994,
          0.969482,
          0.972412,
          0.968262,
          0.966309,
          0.97168
        ]
      },
      "ood_test_accuracy": {
        "mean": 0.031201171875,
        "std": 0.0024163207760280773,
        "n": 10,
        "values": [
          0.031982,
          0.035645,
          0.031982,
          0.031006,
          0.028809,
          0.032471,
          0.028564,
          0.027588,
          0.030762,
          0.033203
        ]
      },
      "ood_gap": {
        "mean": 0.9376953125,
        "std": 0.0036408890395131345,
        "n": 10,
        "values": [
          0.931885,
          0.932617,
          0.938721,
          0.937988,
          0.940186,
          0.937012,
          0.943848,
          0.940674,
          0.935547,
          0.938477
        ]
      }
    },
    "sequence_erm_tcn": {
      "val_iid_accuracy": {
        "mean": 0.96865234375,
        "std": 0.002835957228466732,
        "n": 10,
        "values": [
          0.968262,
          0.969727,
          0.969727,
          0.96875,
          0.966797,
          0.965332,
          0.963379,
          0.97168,
          0.972656,
          0.970215
        ]
      },
      "iid_test_accuracy": {
        "mean": 0.968896484375,
        "std": 0.002506193330863463,
        "n": 10,
        "values": [
          0.963867,
          0.968262,
          0.970703,
          0.968994,
          0.968994,
          0.969482,
          0.972412,
          0.968262,
          0.966309,
          0.97168
        ]
      },
      "ood_test_accuracy": {
        "mean": 0.031201171875,
        "std": 0.0024163207760280773,
        "n": 10,
        "values": [
          0.031982,
          0.035645,
          0.031982,
          0.031006,
          0.028809,
          0.032471,
          0.028564,
          0.027588,
          0.030762,
          0.033203
        ]
      },
      "ood_gap": {
        "mean": 0.9376953125,
        "std": 0.0036408890395131345,
        "n": 10,
        "values": [
          0.931885,
          0.932617,
          0.938721,
          0.937988,
          0.940186,
          0.937012,
          0.943848,
          0.940674,
          0.935547,
          0.938477
        ]
      }
    },
    "sequence_erm_temporal_pool": {
      "val_iid_accuracy": {
        "mean": 1.0,
        "std": 0.0,
        "n": 10,
        "values": [
          1.0,
          1.0,
          1.0,
          1.0,
          1.0,
          1.0,
          1.0,
          1.0,
          1.0,
          1.0
        ]
      },
      "iid_test_accuracy": {
        "mean": 0.9996337890625,
        "std": 0.00023726203999207765,
        "n": 10,
        "values": [
          0.999512,
          1.0,
          0.999512,
          0.999268,
          0.999756,
          0.999512,
          1.0,
          0.999512,
          0.999756,
          0.999512
        ]
      },
      "ood_test_accuracy": {
        "mean": 0.9992919921875,
        "std": 0.0008647006158293941,
        "n": 10,
        "values": [
          0.999268,
          1.0,
          0.999756,
          0.998779,
          1.0,
          0.999756,
          0.999512,
          0.997314,
          1.0,
          0.998535
        ]
      },
      "ood_gap": {
        "mean": 0.000341796875,
        "std": 0.0007737541877607235,
        "n": 10,
        "values": [
          0.000244,
          0.0,
          -0.000244,
          0.000488,
          -0.000244,
          -0.000244,
          0.000488,
          0.002197,
          -0.000244,
          0.000977
        ]
      }
    },
    "sequence_erm_transformer": {
      "val_iid_accuracy": {
        "mean": 0.999951171875,
        "std": 0.00015440808887540915,
        "n": 10,
        "values": [
          1.0,
          1.0,
          0.999512,
          1.0,
          1.0,
          1.0,
          1.0,
          1.0,
          1.0,
          1.0
        ]
      },
      "iid_test_accuracy": {
        "mean": 0.9996337890625,
        "std": 0.00028772248583436993,
        "n": 10,
        "values": [
          0.999756,
          0.999023,
          1.0,
          0.999756,
          0.999756,
          0.999512,
          0.999756,
          0.999756,
          0.999756,
          0.999268
        ]
      },
      "ood_test_accuracy": {
        "mean": 0.9991943359375,
        "std": 0.00032653650142804166,
        "n": 10,
        "values": [
          0.998779,
          0.999023,
          0.999268,
          0.999268,
          0.999512,
          0.998779,
          0.999512,
          0.999512,
          0.998779,
          0.999512
        ]
      },
      "ood_gap": {
        "mean": 0.000439453125,
        "std": 0.0004117549036677577,
        "n": 10,
        "values": [
          0.000977,
          0.0,
          0.000732,
          0.000488,
          0.000244,
          0.000732,
          0.000244,
          0.000244,
          0.000977,
          -0.000244
        ]
      }
    }
  },
  "scenarios": {
    "oe_family_main": {
      "sequence_erm": {
        "iid_test_accuracy": {
          "mean": 0.968896484375,
          "std": 0.002506193330863463,
          "n": 10
        },
        "ood_test_accuracy": {
          "mean": 0.031201171875,
          "std": 0.0024163207760280773,
          "n": 10
        },
        "ood_gap": {
          "mean": 0.9376953125,
          "std": 0.0036408890395131345,
          "n": 10
        }
      },
      "sequence_erm_lstm": {
        "iid_test_accuracy": {
          "mean": 0.968896484375,
          "std": 0.002506193330863463,
          "n": 10
        },
        "ood_test_accuracy": {
          "mean": 0.031201171875,
          "std": 0.0024163207760280773,
          "n": 10
        },
        "ood_gap": {
          "mean": 0.9376953125,
          "std": 0.0036408890395131345,
          "n": 10
        }
      },