{
  "primary_scenario": "oe_additive",
  "methods": {
    "counterfactual_invariance": {
      "val_iid_accuracy": {
        "mean": 0.772216796875,
        "std": 0.22836281212555978,
        "n": 10,
        "values": [
          0.831055,
          0.969727,
          0.5,
          0.5,
          0.966797,
          0.965332,
          0.501465,
          0.97168,
          0.545898,
          0.970215
        ]
      },
      "iid_test_accuracy": {
        "mean": 0.7719482421875,
        "std": 0.2310455475238462,
        "n": 10,
        "values": [
          0.84375,
          0.968262,
          0.5,
          0.5,
          0.968994,
          0.969482,
          0.51123,
          0.968262,
          0.517822,
          0.97168
        ]
      },
      "ood_test_accuracy": {
        "mean": 0.22900390625,
        "std": 0.23027677137244176,
        "n": 10,
        "values": [
          0.163086,
          0.035645,
          0.5,
          0.5,
          0.028809,
          0.032471,
          0.497803,
          0.027588,
          0.471436,
          0.033203
        ]
      },
      "ood_gap": {
        "mean": 0.5429443359375,
        "std": 0.4612868750413532,
        "n": 10,
        "values": [
          0.680664,
          0.932617,
          0.0,
          0.0,
          0.940186,
          0.937012,
          0.013428,
          0.940674,
          0.046387,
          0.938477
        ]
      }
    },
    "final_frame_mlp": {
      "val_iid_accuracy": {
        "mean": 0.5150390625,
        "std": 0.00901757340117467,
        "n": 10,
        "values": [
          0.514648,
          0.509766,
          0.517578,
          0.505859,
          0.524414,
          0.522949,
          0.51709,
          0.509766,
          0.528809,
          0.499512
        ]
      },
      "iid_test_accuracy": {
        "mean": 0.5008056640625,
        "std": 0.004560269790498561,
        "n": 10,
        "values": [
          0.506836,
          0.497314,
          0.501953,
          0.506104,
          0.504395,
          0.501709,
          0.494385,
          0.496582,
          0.495361,
          0.503418
        ]
      },
      "ood_test_accuracy": {
        "mean": 0.4990234375,
        "std": 0.005934620655437674,
        "n": 10,
        "values": [
          0.496338,
          0.493164,
          0.494873,
          0.50708,
          0.50415,
          0.492188,
          0.50415,
          0.507324,
          0.495361,
          0.495605
        ]
      },
      "ood_gap": {
        "mean": 0.0017822265625,
        "std": 0.007522322671927977,
        "n": 10,
        "values": [
          0.010498,
          0.00415,
          0.00708,
          -0.000977,
          0.000244,
          0.009521,
          -0.009766,
          -0.010742,
          0.0,
          0.007812
        ]
      }
    },
    "sequence_erm": {
      "val_iid_accuracy": {
        "mean": 0.96865234375,
        "std": 0.002835957228466732,
        "n": 10,
        "values": [
          0.968262,
          0.969727,
          0.969727,
          0.96875,
          0.966797,
          0.965332,
          0.963379,
          0.97168,
          0.972656,
          0.970215
        ]
      },
      "iid_test_accuracy": {
        "mean": 0.968896484375,
        "std": 0.002506193330863463,
        "n": 10,
        "values": [
          0.963867,
          0.968262,
          0.970703,
          0.968994,
          0.968994,
          0.969482,
          0.972412,
          0.968262,
          0.966309,
          0.97168
        ]
      },
      "ood_test_accuracy": {
        "mean": 0.031201171875,
        "std": 0.0024163207760280773,
        "n": 10,
        "values": [
          0.031982,
          0.035645,
          0.031982,
          0.031006,
          0.028809,
          0.032471,
          0.028564,
          0.027588,
          0.030762,
          0.033203
        ]
      },
      "ood_gap": {
        "mean": 0.9376953125,
        "std": 0.0036408890395131345,
        "n": 10,
        "values": [
          0.931885,
          0.932617,
          0.938721,
          0.937988,
          0.940186,
          0.937012,
          0.943848,
          0.940674,
          0.935547,
          0.938477
        ]
      }
    },
    "main_gap_reduction": {
      "seeds": [
        0,
        1,
        2,
        3,
        4,
        5,
        6,
        7,
        8,
        9
      ],
      "values": [
        0.251221,
        0.0,
        0.938721,
        0.937988,
        0.0,
        0.0,
        0.93042,
        0.0,
        0.88916,
        0.0
      ],
      "mean": 0.3947509765625,
      "consistent_positive": false
    }
  },
  "scenarios": {
    "oe_additive": {
      "sequence_erm": {
        "iid_test_accuracy": {
          "mean": 0.968896484375,
          "std": 0.002506193330863463,
          "n": 10
        },
        "ood_test_accuracy": {
          "mean": 0.031201171875,
          "std": 0.0024163207760280773,
          "n": 10
        },
        "ood_gap": {
          "mean": 0.9376953125,
          "std": 0.0036408890395131345,
          "n": 10
        }
      },
      "final_frame_mlp": {
        "iid_test_accuracy": {
          "mean": 0.5008056640625,
          "std": 0.004560269790498561,
          "n": 10
        },
        "ood_test_accuracy": {
          "mean": 0.4990234375,
          "std": 0.005934620655437674,
          "n": 10
        },
        "ood_gap": {
          "mean": 0.0017822265625,
          "std": 0.007522322671927977,
          "n": 10
        }
      },
      "counterfactual_invariance": {
        "iid_test_accuracy": {
          "mean": 0.7719482421875,
          "std": 0.2310455475238462,
          "n": 10
        },
        "ood_test_accuracy": {
          "mean": 0.22900390625,
          "std": 0.23027677137244176,
          "n": 10
        },
        "ood_gap": {
          "mean": 0.5429443359375,
          "std": 0.4612868750413532,
          "n": 10
        }
      }
    }
  }
}