{
  "main/sequence_erm/iid": {
    "mean": 0.98974609375,
    "std": 0.002847144479904932,
    "values": [
      0.9888,
      0.9878,
      0.9917,
      0.9937,
      0.9868
    ]
  },
  "main/sequence_erm/ood": {
    "mean": 0.98779296875,
    "std": 0.002909271310501217,
    "values": [
      0.9863,
      0.9839,
      0.9883,
      0.9888,
      0.9917
    ]
  },
  "main/core_only/iid": {
    "mean": 0.9998046875,
    "std": 0.00026744265503181937,
    "values": [
      0.9995,
      1.0,
      1.0,
      0.9995,
      1.0
    ]
  },
  "main/core_only/ood": {
    "mean": 0.99990234375,
    "std": 0.00021836601342771389,
    "values": [
      1.0,
      0.9995,
      1.0,
      1.0,
      1.0
    ]
  },
  "main/nuisance_only/iid": {
    "mean": 0.9708984375,
    "std": 0.0038229646740358175,
    "values": [
      0.9766,
      0.9683,
      0.9688,
      0.9678,
      0.9731
    ]
  },
  "main/nuisance_only/ood": {
    "mean": 0.02802734375,
    "std": 0.004575276084032218,
    "values": [
      0.0347,
      0.0244,
      0.0303,
      0.0234,
      0.0273
    ]
  },
  "main/final_frame/iid": {
    "mean": 0.69697265625,
    "std": 0.014988723330804473,
    "values": [
      0.6973,
      0.7153,
      0.6753,
      0.6919,
      0.7051
    ]
  },
  "main/final_frame/ood": {
    "mean": 0.70185546875,
    "std": 0.010723305493208874,
    "values": [
      0.7114,
      0.688,
      0.6953,
      0.7134,
      0.7012
    ]
  },
  "no_spurious/sequence_erm/iid": {
    "mean": 0.9896484375,
    "std": 0.0029980627798845217,
    "values": [
      0.9888,
      0.9883,
      0.9932,
      0.9922,
      0.9858
    ]
  },
  "no_spurious/sequence_erm/ood": {
    "mean": 0.989453125,
    "std": 0.0021999766261853143,
    "values": [
      0.9873,
      0.9868,
      0.9912,
      0.9907,
      0.9912
    ]
  }
}