{
  "main/sequence_erm/iid": {
    "mean": 0.965625,
    "std": 0.0054656973902170785,
    "values": [
      0.9727,
      0.9609,
      0.9688,
      0.9663,
      0.9595
    ]
  },
  "main/sequence_erm/ood": {
    "mean": 0.96611328125,
    "std": 0.0029010646049829974,
    "values": [
      0.9648,
      0.9683,
      0.9692,
      0.9663,
      0.9619
    ]
  },
  "main/core_only/iid": {
    "mean": 0.99873046875,
    "std": 0.0009518353852352504,
    "values": [
      0.999,
      0.9971,
      0.999,
      0.9995,
      0.999
    ]
  },
  "main/core_only/ood": {
    "mean": 0.99853515625,
    "std": 0.0008457279333832408,
    "values": [
      0.9985,
      0.998,
      0.998,
      1.0,
      0.998
    ]
  },
  "main/nuisance_only/iid": {
    "mean": 0.9701171875,
    "std": 0.0012638846782758578,
    "values": [
      0.9707,
      0.9683,
      0.9717,
      0.9697,
      0.9702
    ]
  },
  "main/nuisance_only/ood": {
    "mean": 0.02734375,
    "std": 0.005213417115249664,
    "values": [
      0.0298,
      0.0186,
      0.0298,
      0.0269,
      0.0317
    ]
  },
  "main/final_frame/iid": {
    "mean": 0.53701171875,
    "std": 0.0088794720625095,
    "values": [
      0.5386,
      0.5308,
      0.5435,
      0.5469,
      0.5254
    ]
  },
  "main/final_frame/ood": {
    "mean": 0.54462890625,
    "std": 0.007631884359351347,
    "values": [
      0.5547,
      0.5425,
      0.5503,
      0.5391,
      0.5366
    ]
  },
  "no_spurious/sequence_erm/iid": {
    "mean": 0.966015625,
    "std": 0.004614193224581035,
    "values": [
      0.9683,
      0.9595,
      0.9697,
      0.9629,
      0.9697
    ]
  },
  "no_spurious/sequence_erm/ood": {
    "mean": 0.966015625,
    "std": 0.007288323498845816,
    "values": [
      0.9663,
      0.9575,
      0.9653,
      0.9634,
      0.9775
    ]
  }
}