{
  "primary_scenario": "no_spurious_correlation",
  "methods": {
    "sequence_erm": {
      "val_iid_accuracy": {
        "mean": 0.9916449652777778,
        "std": 0.024882522706414154,
        "n": 9,
        "values": [
          1.0,
          1.0,
          1.0,
          0.999512,
          1.0,
          1.0,
          1.0,
          1.0,
          0.925293
        ]
      },
      "iid_test_accuracy": {
        "mean": 0.9907497829861112,
        "std": 0.02683616483845942,
        "n": 9,
        "values": [
          1.0,
          0.999756,
          0.999268,
          0.999756,
          1.0,
          0.999512,
          0.999756,
          0.999512,
          0.919189
        ]
      },
      "ood_test_accuracy": {
        "mean": 0.9903971354166666,
        "std": 0.02634287525684099,
        "n": 9,
        "values": [
          0.999512,
          0.998779,
          0.998291,
          0.999756,
          1.0,
          0.999023,
          0.999512,
          0.998535,
          0.920166
        ]
      },
      "ood_gap": {
        "mean": 0.00035264756944444444,
        "std": 0.0006355997457606326,
        "n": 9,
        "values": [
          0.000488,
          0.000977,
          0.000977,
          0.0,
          0.0,
          0.000488,
          0.000244,
          0.000977,
          -0.000977
        ]
      }
    }
  },
  "scenarios": {
    "no_spurious_correlation": {
      "sequence_erm": {
        "iid_test_accuracy": {
          "mean": 0.9907497829861112,
          "std": 0.02683616483845942,
          "n": 9
        },
        "ood_test_accuracy": {
          "mean": 0.9903971354166666,
          "std": 0.02634287525684099,
          "n": 9
        },
        "ood_gap": {
          "mean": 0.00035264756944444444,
          "std": 0.0006355997457606326,
          "n": 9
        }
      }
    }
  }
}