{
  "primary_scenario": "corr_0p97",
  "methods": {
    "core_only_oracle": {
      "val_iid_accuracy": {
        "mean": 1.0,
        "std": 0.0,
        "n": 10,
        "values": [
          1.0,
          1.0,
          1.0,
          1.0,
          1.0,
          1.0,
          1.0,
          1.0,
          1.0,
          1.0
        ]
      },
      "iid_test_accuracy": {
        "mean": 1.0,
        "std": 0.0,
        "n": 10,
        "values": [
          1.0,
          1.0,
          1.0,
          1.0,
          1.0,
          1.0,
          1.0,
          1.0,
          1.0,
          1.0
        ]
      },
      "ood_test_accuracy": {
        "mean": 1.0,
        "std": 0.0,
        "n": 10,
        "values": [
          1.0,
          1.0,
          1.0,
          1.0,
          1.0,
          1.0,
          1.0,
          1.0,
          1.0,
          1.0
        ]
      },
      "ood_gap": {
        "mean": 0.0,
        "std": 0.0,
        "n": 10,
        "values": [
          0.0,
          0.0,
          0.0,
          0.0,
          0.0,
          0.0,
          0.0,
          0.0,
          0.0,
          0.0
        ]
      }
    },
    "counterfactual_invariance": {
      "val_iid_accuracy": {
        "mean": 0.986181640625,
        "std": 0.026127026849917884,
        "n": 10,
        "values": [
          1.0,
          0.969727,
          1.0,
          1.0,
          1.0,
          0.92041,
          1.0,
          0.97168,
          1.0,
          1.0
        ]
      },
      "iid_test_accuracy": {
        "mean": 0.9849609375,
        "std": 0.02766883999358196,
        "n": 10,
        "values": [
          1.0,
          0.968262,
          0.999512,
          0.999512,
          0.999756,
          0.915527,
          0.999756,
          0.968262,
          0.999023,
          1.0
        ]
      },
      "ood_test_accuracy": {
        "mean": 0.71474609375,
        "std": 0.45828893041824226,
        "n": 10,
        "values": [
          0.998535,
          0.035645,
          0.999268,
          0.999756,
          0.999023,
          0.089844,
          0.999512,
          0.027588,
          0.999268,
          0.999023
        ]
      },
      "ood_gap": {
        "mean": 0.27021484375,
        "std": 0.43541024369121745,
        "n": 10,
        "values": [
          0.001465,
          0.932617,
          0.000244,
          -0.000244,
          0.000732,
          0.825684,
          0.000244,
          0.940674,
          -0.000244,
          0.000977
        ]
      }
    },
    "final_frame_mlp": {
      "val_iid_accuracy": {
        "mean": 0.519873046875,
        "std": 0.00893271516587461,
        "n": 10,
        "values": [
          0.531738,
          0.516602,
          0.532227,
          0.510742,
          0.532227,
          0.516113,
          0.519043,
          0.51416,
          0.51709,
          0.508789
        ]
      },
      "iid_test_accuracy": {
        "mean": 0.501025390625,
        "std": 0.008502420965755406,
        "n": 10,
        "values": [
          0.484863,
          0.512695,
          0.506592,
          0.501465,
          0.50415,
          0.502441,
          0.50708,
          0.492188,
          0.506104,
          0.492676
        ]
      },
      "ood_test_accuracy": {
        "mean": 0.50654296875,
        "std": 0.00981891924796335,
        "n": 10,
        "values": [
          0.490479,
          0.505859,
          0.512695,
          0.526367,
          0.503906,
          0.510498,
          0.504883,
          0.512451,
          0.49707,
          0.501221
        ]
      },
      "ood_gap": {
        "mean": -0.005517578125,
        "std": 0.01088440131360317,
        "n": 10,
        "values": [
          -0.005615,
          0.006836,
          -0.006104,
          -0.024902,
          0.000244,
          -0.008057,
          0.002197,
          -0.020264,
          0.009033,
          -0.008545
        ]
      }
    },
    "nuisance_only_oracle": {
      "val_iid_accuracy": {
        "mean": 0.96865234375,
        "std": 0.002835957228466732,
        "n": 10,
        "values": [
          0.968262,
          0.969727,
          0.969727,
          0.96875,
          0.966797,
          0.965332,
          0.963379,
          0.97168,
          0.972656,
          0.970215
        ]
      },
      "iid_test_accuracy": {
        "mean": 0.968896484375,
        "std": 0.002506193330863463,
        "n": 10,
        "values": [
          0.963867,
          0.968262,
          0.970703,
          0.968994,
          0.968994,
          0.969482,
          0.972412,
          0.968262,
          0.966309,
          0.97168
        ]
      },
      "ood_test_accuracy": {
        "mean": 0.031201171875,
        "std": 0.0024163207760280773,
        "n": 10,
        "values": [
          0.031982,
          0.035645,
          0.031982,
          0.031006,
          0.028809,
          0.032471,
          0.028564,
          0.027588,
          0.030762,
          0.033203
        ]
      },
      "ood_gap": {
        "mean": 0.9376953125,
        "std": 0.0036408890395131345,
        "n": 10,
        "values": [
          0.931885,
          0.932617,
          0.938721,
          0.937988,
          0.940186,
          0.937012,
          0.943848,
          0.940674,
          0.935547,
          0.938477
        ]
      }
    },
    "sequence_erm": {
      "val_iid_accuracy": {
        "mean": 0.96865234375,
        "std": 0.002835957228466732,
        "n": 10,
        "values": [
          0.968262,
          0.969727,
          0.969727,
          0.96875,
          0.966797,
          0.965332,
          0.963379,
          0.97168,
          0.972656,
          0.970215
        ]
      },
      "iid_test_accuracy": {
        "mean": 0.968896484375,
        "std": 0.002506193330863463,
        "n": 10,
        "values": [
          0.963867,
          0.968262,
          0.970703,
          0.968994,
          0.968994,
          0.969482,
          0.972412,
          0.968262,
          0.966309,
          0.97168
        ]
      },
      "ood_test_accuracy": {
        "mean": 0.031201171875,
        "std": 0.0024163207760280773,
        "n": 10,
        "values": [
          0.031982,
          0.035645,
          0.031982,
          0.031006,
          0.028809,
          0.032471,
          0.028564,
          0.027588,
          0.030762,
          0.033203
        ]
      },
      "ood_gap": {
        "mean": 0.9376953125,
        "std": 0.0036408890395131345,
        "n": 10,
        "values": [
          0.931885,
          0.932617,
          0.938721,
          0.937988,
          0.940186,
          0.937012,
          0.943848,
          0.940674,
          0.935547,
          0.938477
        ]
      }
    },
    "main_gap_reduction": {
      "seeds": [
        0,
        1,
        2,
        3,
        4,
        5,
        6,
        7,
        8,
        9
      ],
      "values": [
        0.93042,
        0.0,
        0.938477,
        0.938232,
        0.939453,
        0.111328,
        0.943604,
        0.0,
        0.935791,
        0.9375
      ],
      "mean": 0.66748046875,
      "consistent_positive": false
    }
  },
  "scenarios": {
    "corr_0p55": {
      "final_frame_mlp": {
        "iid_test_accuracy": {
          "mean": 0.4976806640625,
          "std": 0.008177192509078265,
          "n": 10
        },
        "ood_test_accuracy": {
          "mean": 0.5037353515625,
          "std": 0.007776857238366099,
          "n": 10
        },
        "ood_gap": {
          "mean": -0.0060546875,
          "std": 0.009606174394294436,
          "n": 10
        }
      },
      "sequence_erm": {
        "iid_test_accuracy": {
          "mean": 0.954541015625,
          "std": 0.14203976698769152,
          "n": 10
        },
        "ood_test_accuracy": {
          "mean": 0.94541015625,
          "std": 0.17091332555438024,