{
  "primary_scenario": "rv_main",
  "methods": {
    "core_only_oracle": {
      "val_iid_accuracy": {
        "mean": 1.0,
        "std": 0.0,
        "n": 5,
        "values": [
          1.0,
          1.0,
          1.0,
          1.0,
          1.0
        ]
      },
      "iid_test_accuracy": {
        "mean": 1.0,
        "std": 0.0,
        "n": 5,
        "values": [
          1.0,
          1.0,
          1.0,
          1.0,
          1.0
        ]
      },
      "ood_test_accuracy": {
        "mean": 1.0,
        "std": 0.0,
        "n": 5,
        "values": [
          1.0,
          1.0,
          1.0,
          1.0,
          1.0
        ]
      },
      "ood_gap": {
        "mean": 0.0,
        "std": 0.0,
        "n": 5,
        "values": [
          0.0,
          0.0,
          0.0,
          0.0,
          0.0
        ]
      }
    },
    "final_frame_mlp": {
      "val_iid_accuracy": {
        "mean": 0.53994140625,
        "std": 0.009045731388210477,
        "n": 5,
        "values": [
          0.553711,
          0.529297,
          0.54248,
          0.536133,
          0.538086
        ]
      },
      "iid_test_accuracy": {
        "mean": 0.51875,
        "std": 0.009640309234344564,
        "n": 5,
        "values": [
          0.528809,
          0.528809,
          0.507324,
          0.515137,
          0.513672
        ]
      },
      "ood_test_accuracy": {
        "mean": 0.47626953125,
        "std": 0.011923464207949874,
        "n": 5,
        "values": [
          0.489746,
          0.467773,
          0.469238,
          0.46582,
          0.48877
        ]
      },
      "ood_gap": {
        "mean": 0.04248046875,
        "std": 0.013518425976471805,
        "n": 5,
        "values": [
          0.039062,
          0.061035,
          0.038086,
          0.049316,
          0.024902
        ]
      }
    },
    "nuisance_only_oracle": {
      "val_iid_accuracy": {
        "mean": 0.734765625,
        "std": 0.016592225085520454,
        "n": 5,
        "values": [
          0.73291,
          0.713379,
          0.74707,
          0.754883,
          0.725586
        ]
      },
      "iid_test_accuracy": {
        "mean": 0.73447265625,
        "std": 0.01025041793343367,
        "n": 5,
        "values": [
          0.739258,
          0.726074,
          0.735352,
          0.748535,
          0.723145
        ]
      },
      "ood_test_accuracy": {
        "mean": 0.26650390625,
        "std": 0.0037090095732095593,
        "n": 5,
        "values": [
          0.27002,
          0.270508,
          0.266113,
          0.263672,
          0.262207
        ]
      },
      "ood_gap": {
        "mean": 0.46796875,
        "std": 0.011089468116216663,
        "n": 5,
        "values": [
          0.469238,
          0.455566,
          0.469238,
          0.484863,
          0.460938
        ]
      }
    },
    "sequence_erm": {
      "val_iid_accuracy": {
        "mean": 0.9990234375,
        "std": 0.0016558422810364424,
        "n": 5,
        "values": [
          0.999512,
          0.999512,
          1.0,
          0.996094,
          1.0
        ]
      },
      "iid_test_accuracy": {
        "mean": 0.99833984375,
        "std": 0.0015670709507696497,
        "n": 5,
        "values": [
          0.998535,
          0.999023,
          0.999023,
          0.995605,
          0.999512
        ]
      },
      "ood_test_accuracy": {
        "mean": 0.9982421875,
        "std": 0.0024069838952863742,
        "n": 5,
        "values": [
          0.998047,
          1.0,
          0.999512,
          0.994141,
          0.999512
        ]
      },
      "ood_gap": {
        "mean": 9.765625e-05,
        "std": 0.0009392277373862961,
        "n": 5,
        "values": [
          0.000488,
          -0.000977,
          -0.000488,
          0.001465,
          0.0
        ]
      }
    }
  },
  "scenarios": {
    "rv_main": {
      "sequence_erm": {
        "iid_test_accuracy": {
          "mean": 0.99833984375,
          "std": 0.0015670709507696497,
          "n": 5
        },
        "ood_test_accuracy": {
          "mean": 0.9982421875,
          "std": 0.0024069838952863742,
          "n": 5
        },
        "ood_gap": {
          "mean": 9.765625e-05,
          "std": 0.0009392277373862961,
          "n": 5
        }
      },
      "core_only_oracle": {
        "iid_test_accuracy": {
          "mean": 1.0,
          "std": 0.0,
          "n": 5
        },
        "ood_test_accuracy": {
          "mean": 1.0,
          "std": 0.0,
          "n": 5
        },
        "ood_gap": {
          "mean": 0.0,
          "std": 0.0,
          "n": 5
        }
      },
      "nuisance_only_oracle": {
        "iid_test_accuracy": {
          "mean": 0.73447265625,
          "std": 0.01025041793343367,
          "n": 5
        },
        "ood_test_accuracy": {
          "mean": 0.26650390625,
          "std": 0.0037090095732095593,
          "n": 5
        },
        "ood_gap": {
          "mean": 0.46796875,
          "std": 0.011089468116216663,
          "n": 5
        }
      },
      "final_frame_mlp": {
        "iid_test_accuracy": {
          "mean": 0.51875,
          "std": 0.009640309234344564,
          "n": 5
        },
        "ood_test_accuracy": {
          "mean": 0.47626953125,
          "std": 0.011923464207949874,
          "n": 5
        },
        "ood_gap": {
          "mean": 0.04248046875,
          "std": 0.013518425976471805,
          "n": 5
        }
      }
    },
    "rv_no_spurious": {
      "sequence_erm": {
        "iid_test_accuracy": {
          "mean": 0.59833984375,
          "std": 0.22463315091551908,
          "n": 5
        },
        "ood_test_accuracy": {
          "mean": 0.5943359375,
          "std": 0.22697842008886035,
          "n": 5
        },
        "ood_gap": {
          "mean": 0.00400390625,
          "std": 0.010520166558517278,
          "n": 5
        }
      }
    }
  }
}