{
  "primary_scenario": "hc_main",
  "methods": {
    "core_only_oracle": {
      "val_iid_accuracy": {
        "mean": 0.96015625,
        "std": 0.002513054565835779,
        "n": 10,
        "values": [
          0.95752,
          0.959473,
          0.95752,
          0.959473,
          0.965332,
          0.960449,
          0.961914,
          0.95752,
          0.962402,
          0.959961
        ]
      },
      "iid_test_accuracy": {
        "mean": 0.958349609375,
        "std": 0.0032064215178176504,
        "n": 10,
        "values": [
          0.959961,
          0.959961,
          0.96167,
          0.954102,
          0.953613,
          0.957764,
          0.957031,
          0.963135,
          0.955811,
          0.960449
        ]
      },
      "ood_test_accuracy": {
        "mean": 0.958203125,
        "std": 0.004133281473634312,
        "n": 10,
        "values": [
          0.951172,
          0.95752,
          0.965088,
          0.95874,
          0.962646,
          0.955811,
          0.956787,
          0.958008,
          0.961914,
          0.954346
        ]
      },
      "ood_gap": {
        "mean": 0.000146484375,
        "std": 0.0057971047318490735,
        "n": 10,
        "values": [
          0.008789,
          0.002441,
          -0.003418,
          -0.004639,
          -0.009033,
          0.001953,
          0.000244,
          0.005127,
          -0.006104,
          0.006104
        ]
      }
    },
    "final_frame_mlp": {
      "val_iid_accuracy": {
        "mean": 0.520166015625,
        "std": 0.007883554108467236,
        "n": 10,
        "values": [
          0.528809,
          0.510254,
          0.523438,
          0.516602,
          0.527832,
          0.515625,
          0.530762,
          0.508301,
          0.523926,
          0.516113
        ]
      },
      "iid_test_accuracy": {
        "mean": 0.496044921875,
        "std": 0.008556771917147836,
        "n": 10,
        "values": [
          0.486572,
          0.500244,
          0.488037,
          0.503174,
          0.506104,
          0.508057,
          0.48999,
          0.484863,
          0.49292,
          0.500488
        ]
      },
      "ood_test_accuracy": {
        "mean": 0.5027587890625,
        "std": 0.005186735513061866,
        "n": 10,
        "values": [
          0.493896,
          0.51001,
          0.494873,
          0.503906,
          0.505615,
          0.502686,
          0.507568,
          0.503418,
          0.505615,
          0.5
        ]
      },
      "ood_gap": {
        "mean": -0.0067138671875,
        "std": 0.0080917057710823,
        "n": 10,
        "values": [
          -0.007324,
          -0.009766,
          -0.006836,
          -0.000732,
          0.000488,
          0.005371,
          -0.017578,
          -0.018555,
          -0.012695,
          0.000488
        ]
      }
    },
    "nuisance_only_oracle": {
      "val_iid_accuracy": {
        "mean": 0.96865234375,
        "std": 0.002835957228466732,
        "n": 10,
        "values": [
          0.968262,
          0.969727,
          0.969727,
          0.96875,
          0.966797,
          0.965332,
          0.963379,
          0.97168,
          0.972656,
          0.970215
        ]
      },
      "iid_test_accuracy": {
        "mean": 0.968896484375,
        "std": 0.002506193330863463,
        "n": 10,
        "values": [
          0.963867,
          0.968262,
          0.970703,
          0.968994,
          0.968994,
          0.969482,
          0.972412,
          0.968262,
          0.966309,
          0.97168
        ]
      },
      "ood_test_accuracy": {
        "mean": 0.031201171875,
        "std": 0.0024163207760280773,
        "n": 10,
        "values": [
          0.031982,
          0.035645,
          0.031982,
          0.031006,
          0.028809,
          0.032471,
          0.028564,
          0.027588,
          0.030762,
          0.033203
        ]
      },
      "ood_gap": {
        "mean": 0.9376953125,
        "std": 0.0036408890395131345,
        "n": 10,
        "values": [
          0.931885,
          0.932617,
          0.938721,
          0.937988,
          0.940186,
          0.937012,
          0.943848,
          0.940674,
          0.935547,
          0.938477
        ]
      }
    },
    "sequence_erm": {
      "val_iid_accuracy": {
        "mean": 0.96865234375,
        "std": 0.002835957228466732,
        "n": 10,
        "values": [
          0.968262,
          0.969727,
          0.969727,
          0.96875,
          0.966797,
          0.965332,
          0.963379,
          0.97168,
          0.972656,
          0.970215
        ]
      },
      "iid_test_accuracy": {
        "mean": 0.968896484375,
        "std": 0.002506193330863463,
        "n": 10,
        "values": [
          0.963867,
          0.968262,
          0.970703,
          0.968994,
          0.968994,
          0.969482,
          0.972412,
          0.968262,
          0.966309,
          0.97168
        ]
      },
      "ood_test_accuracy": {
        "mean": 0.031201171875,
        "std": 0.0024163207760280773,
        "n": 10,
        "values": [
          0.031982,
          0.035645,
          0.031982,
          0.031006,
          0.028809,
          0.032471,
          0.028564,
          0.027588,
          0.030762,
          0.033203
        ]
      },
      "ood_gap": {
        "mean": 0.9376953125,
        "std": 0.0036408890395131345,
        "n": 10,
        "values": [
          0.931885,
          0.932617,
          0.938721,
          0.937988,
          0.940186,
          0.937012,
          0.943848,
          0.940674,
          0.935547,
          0.938477
        ]
      }
    },
    "sequence_erm_temporal_pool": {
      "val_iid_accuracy": {
        "mean": 0.93095703125,
        "std": 0.009178879433996586,
        "n": 10,
        "values": [
          0.920898,
          0.926758,
          0.944824,
          0.919434,
          0.929688,
          0.9375,
          0.933105,
          0.919434,
          0.9375,
          0.94043
        ]
      },
      "iid_test_accuracy": {
        "mean": 0.9257568359375,
        "std": 0.005227942111848596,
        "n": 10,
        "values": [
          0.927734,
          0.923584,
          0.935303,
          0.922119,
          0.922119,
          0.929443,
          0.921631,
          0.921875,
          0.920898,
          0.932861
        ]
      },
      "ood_test_accuracy": {
        "mean": 0.9243408203125,
        "std": 0.007916458194062432,
        "n": 10,
        "values": [
          0.913574,
          0.916992,
          0.940674,
          0.927246,
          0.924805,
          0.928223,
          0.925049,
          0.914551,
          0.926758,
          0.925537
        ]
      },
      "ood_gap": {
        "mean": 0.001416015625,
        "std": 0.007000401016132183,
        "n": 10,
        "values": [
          0.01416,
          0.006592,
          -0.005371,
          -0.005127,
          -0.002686,
          0.001221,
          -0.003418,
          0.007324,
          -0.005859,
          0.007324
        ]
      }
    }
  },
  "scenarios": {
    "hc_main": {
      "final_frame_mlp": {
        "iid_test_accuracy": {
          "mean": 0.496044921875,
          "std": 0.008556771917147836,
          "n": 10
        },
        "ood_test_accuracy": {
          "mean": 0.5027587890625,
          "std": 0.005186735513061866,
          "n": 10
        },
        "ood_gap": {
          "mean": -0.0067138671875,
          "std": 0.0080917057710823,
          "n": 10
        }
      },
      "sequence_erm": {
        "iid_test_accuracy": {
          "mean": 0.968896484375,
          "std": 0.002506193330863463,
          "n": 10
        },
        "ood_test_accuracy": {
          "mean": 0.031201171875,
          "std": 0.0024163207760280773,
          "n": 10
        },