{
  "primary_scenario": "rv_main",
  "methods": {
    "core_only_oracle": {
      "val_iid_accuracy": {
        "mean": 1.0,
        "std": 0.0,
        "n": 5,
        "values": [
          1.0,
          1.0,
          1.0,
          1.0,
          1.0
        ]
      },
      "iid_test_accuracy": {
        "mean": 1.0,
        "std": 0.0,
        "n": 5,
        "values": [
          1.0,
          1.0,
          1.0,
          1.0,
          1.0
        ]
      },
      "ood_test_accuracy": {
        "mean": 1.0,
        "std": 0.0,
        "n": 5,
        "values": [
          1.0,
          1.0,
          1.0,
          1.0,
          1.0
        ]
      },
      "ood_gap": {
        "mean": 0.0,
        "std": 0.0,
        "n": 5,
        "values": [
          0.0,
          0.0,
          0.0,
          0.0,
          0.0
        ]
      }
    },
    "final_frame_mlp": {
      "val_iid_accuracy": {
        "mean": 0.5302734375,
        "std": 0.011575458585087595,
        "n": 5,
        "values": [
          0.538086,
          0.527344,
          0.522461,
          0.545898,
          0.517578
        ]
      },
      "iid_test_accuracy": {
        "mean": 0.52109375,
        "std": 0.008238796603279804,
        "n": 5,
        "values": [
          0.529785,
          0.513672,
          0.511719,
          0.52832,
          0.521973
        ]
      },
      "ood_test_accuracy": {
        "mean": 0.4779296875,
        "std": 0.010610431332031597,
        "n": 5,
        "values": [
          0.461426,
          0.483398,
          0.48877,
          0.474121,
          0.481934
        ]
      },
      "ood_gap": {
        "mean": 0.0431640625,
        "std": 0.018310872392939867,
        "n": 5,
        "values": [
          0.068359,
          0.030273,
          0.022949,
          0.054199,
          0.040039
        ]
      }
    },
    "nuisance_only_oracle": {
      "val_iid_accuracy": {
        "mean": 0.67578125,
        "std": 0.0170129408107269,
        "n": 5,
        "values": [
          0.693359,
          0.673828,
          0.669922,
          0.69043,
          0.651367
        ]
      },
      "iid_test_accuracy": {
        "mean": 0.652734375,
        "std": 0.007583308069655147,
        "n": 5,
        "values": [
          0.657227,
          0.643066,
          0.661621,
          0.654785,
          0.646973
        ]
      },
      "ood_test_accuracy": {
        "mean": 0.33662109375,
        "std": 0.009073364059915679,
        "n": 5,
        "values": [
          0.343262,
          0.330078,
          0.337402,
          0.347168,
          0.325195
        ]
      },
      "ood_gap": {
        "mean": 0.31611328125,
        "std": 0.006788689957593587,
        "n": 5,
        "values": [
          0.313965,
          0.312988,
          0.324219,
          0.307617,
          0.321777
        ]
      }
    },
    "sequence_erm": {
      "val_iid_accuracy": {
        "mean": 0.945703125,
        "std": 0.08292332556997449,
        "n": 5,
        "values": [
          0.992188,
          0.973633,
          0.797852,
          0.980469,
          0.984375
        ]
      },
      "iid_test_accuracy": {
        "mean": 0.93994140625,
        "std": 0.09027262615927048,
        "n": 5,
        "values": [
          0.989746,
          0.96582,
          0.779297,
          0.986328,
          0.978516
        ]
      },
      "ood_test_accuracy": {
        "mean": 0.89814453125,
        "std": 0.16634044510207915,
        "n": 5,
        "values": [
          0.98584,
          0.960449,
          0.601074,
          0.976074,
          0.967285
        ]
      },
      "ood_gap": {
        "mean": 0.041796875,
        "std": 0.07632790259931135,
        "n": 5,
        "values": [
          0.003906,
          0.005371,
          0.178223,
          0.010254,
          0.01123
        ]
      }
    }
  },
  "scenarios": {
    "rv_main": {
      "sequence_erm": {
        "iid_test_accuracy": {
          "mean": 0.93994140625,
          "std": 0.09027262615927048,
          "n": 5
        },
        "ood_test_accuracy": {
          "mean": 0.89814453125,
          "std": 0.16634044510207915,
          "n": 5
        },
        "ood_gap": {
          "mean": 0.041796875,
          "std": 0.07632790259931135,
          "n": 5
        }
      },
      "core_only_oracle": {
        "iid_test_accuracy": {
          "mean": 1.0,
          "std": 0.0,
          "n": 5
        },
        "ood_test_accuracy": {
          "mean": 1.0,
          "std": 0.0,
          "n": 5
        },
        "ood_gap": {
          "mean": 0.0,
          "std": 0.0,
          "n": 5
        }
      },
      "nuisance_only_oracle": {
        "iid_test_accuracy": {
          "mean": 0.652734375,
          "std": 0.007583308069655147,
          "n": 5
        },
        "ood_test_accuracy": {
          "mean": 0.33662109375,
          "std": 0.009073364059915679,
          "n": 5
        },
        "ood_gap": {
          "mean": 0.31611328125,
          "std": 0.006788689957593587,
          "n": 5
        }
      },
      "final_frame_mlp": {
        "iid_test_accuracy": {
          "mean": 0.52109375,
          "std": 0.008238796603279804,
          "n": 5
        },
        "ood_test_accuracy": {
          "mean": 0.4779296875,
          "std": 0.010610431332031597,
          "n": 5
        },
        "ood_gap": {
          "mean": 0.0431640625,
          "std": 0.018310872392939867,
          "n": 5
        }
      }
    },
    "rv_no_spurious": {
      "sequence_erm": {
        "iid_test_accuracy": {
          "mean": 0.60166015625,
          "std": 0.2196789227869194,
          "n": 5
        },
        "ood_test_accuracy": {
          "mean": 0.59169921875,
          "std": 0.22322449034116693,
          "n": 5
        },
        "ood_gap": {
          "mean": 0.0099609375,
          "std": 0.010199118886551511,
          "n": 5
        }
      }
    }
  }
}