{
  "primary_scenario": "L8",
  "methods": {
    "core_only_oracle": {
      "val_iid_accuracy": {
        "mean": 1.0,
        "std": 0.0,
        "n": 5,
        "values": [
          1.0,
          1.0,
          1.0,
          1.0,
          1.0
        ]
      },
      "iid_test_accuracy": {
        "mean": 1.0,
        "std": 0.0,
        "n": 5,
        "values": [
          1.0,
          1.0,
          1.0,
          1.0,
          1.0
        ]
      },
      "ood_test_accuracy": {
        "mean": 1.0,
        "std": 0.0,
        "n": 5,
        "values": [
          1.0,
          1.0,
          1.0,
          1.0,
          1.0
        ]
      },
      "ood_gap": {
        "mean": 0.0,
        "std": 0.0,
        "n": 5,
        "values": [
          0.0,
          0.0,
          0.0,
          0.0,
          0.0
        ]
      }
    },
    "final_frame_mlp": {
      "val_iid_accuracy": {
        "mean": 0.5224609375,
        "std": 0.01759168313930842,
        "n": 5,
        "values": [
          0.515625,
          0.551758,
          0.517578,
          0.504883,
          0.522461
        ]
      },
      "iid_test_accuracy": {
        "mean": 0.49052734375,
        "std": 0.019600098380017066,
        "n": 5,
        "values": [
          0.481934,
          0.509766,
          0.467285,
          0.512207,
          0.481445
        ]
      },
      "ood_test_accuracy": {
        "mean": 0.50205078125,
        "std": 0.006742879432013297,
        "n": 5,
        "values": [
          0.508789,
          0.503418,
          0.504395,
          0.490723,
          0.50293
        ]
      },
      "ood_gap": {
        "mean": -0.0115234375,
        "std": 0.024483787154667445,
        "n": 5,
        "values": [
          -0.026855,
          0.006348,
          -0.037109,
          0.021484,
          -0.021484
        ]
      }
    },
    "nuisance_only_oracle": {
      "val_iid_accuracy": {
        "mean": 0.9705078125,
        "std": 0.005139725533961238,
        "n": 5,
        "values": [
          0.975586,
          0.975586,
          0.970703,
          0.964844,
          0.96582
        ]
      },
      "iid_test_accuracy": {
        "mean": 0.97158203125,
        "std": 0.003957789868976454,
        "n": 5,
        "values": [
          0.972168,
          0.969238,
          0.978027,
          0.970703,
          0.967773
        ]
      },
      "ood_test_accuracy": {
        "mean": 0.028515625,
        "std": 0.0021451057262196088,
        "n": 5,
        "values": [
          0.027832,
          0.029297,
          0.03125,
          0.028809,
          0.025391
        ]
      },
      "ood_gap": {
        "mean": 0.94306640625,
        "std": 0.0025975461090371847,
        "n": 5,
        "values": [
          0.944336,
          0.939941,
          0.946777,
          0.941895,
          0.942383
        ]
      }
    },
    "sequence_erm": {
      "val_iid_accuracy": {
        "mean": 0.9705078125,
        "std": 0.005139725533961238,
        "n": 5,
        "values": [
          0.975586,
          0.975586,
          0.970703,
          0.964844,
          0.96582
        ]
      },
      "iid_test_accuracy": {
        "mean": 0.97158203125,
        "std": 0.003957789868976454,
        "n": 5,
        "values": [
          0.972168,
          0.969238,
          0.978027,
          0.970703,
          0.967773
        ]
      },
      "ood_test_accuracy": {
        "mean": 0.028515625,
        "std": 0.0021451057262196088,
        "n": 5,
        "values": [
          0.027832,
          0.029297,
          0.03125,
          0.028809,
          0.025391
        ]
      },
      "ood_gap": {
        "mean": 0.94306640625,
        "std": 0.0025975461090371847,
        "n": 5,
        "values": [
          0.944336,
          0.939941,
          0.946777,
          0.941895,
          0.942383
        ]
      }
    }
  },
  "scenarios": {
    "L4": {
      "sequence_erm": {
        "iid_test_accuracy": {
          "mean": 0.9701171875,
          "std": 0.0030571241879879937,
          "n": 5
        },
        "ood_test_accuracy": {
          "mean": 0.02626953125,
          "std": 0.0024511524214865495,
          "n": 5
        },
        "ood_gap": {
          "mean": 0.94384765625,
          "std": 0.0047966022227510985,
          "n": 5
        }
      },
      "core_only_oracle": {
        "iid_test_accuracy": {
          "mean": 1.0,
          "std": 0.0,
          "n": 5
        },
        "ood_test_accuracy": {
          "mean": 1.0,
          "std": 0.0,
          "n": 5
        },
        "ood_gap": {
          "mean": 0.0,
          "std": 0.0,
          "n": 5
        }
      },
      "nuisance_only_oracle": {
        "iid_test_accuracy": {
          "mean": 0.9701171875,
          "std": 0.0030571241879879937,
          "n": 5
        },
        "ood_test_accuracy": {
          "mean": 0.02626953125,
          "std": 0.0024511524214865495,
          "n": 5
        },
        "ood_gap": {
          "mean": 0.94384765625,
          "std": 0.0047966022227510985,
          "n": 5
        }
      },
      "final_frame_mlp": {
        "iid_test_accuracy": {
          "mean": 0.5064453125,
          "std": 0.006778145778372658,
          "n": 5
        },
        "ood_test_accuracy": {
          "mean": 0.5029296875,
          "std": 0.0034870255998744387,
          "n": 5
        },
        "ood_gap": {
          "mean": 0.003515625,
          "std": 0.007171254249586123,
          "n": 5
        }
      }
    },
    "L8": {
      "sequence_erm": {
        "iid_test_accuracy": {
          "mean": 0.97158203125,
          "std": 0.003957789868976454,
          "n": 5
        },
        "ood_test_accuracy": {
          "mean": 0.028515625,
          "std": 0.0021451057262196088,
          "n": 5
        },
        "ood_gap": {
          "mean": 0.94306640625,
          "std": 0.0025975461090371847,
          "n": 5
        }
      },
      "core_only_oracle": {
        "iid_test_accuracy": {
          "mean": 1.0,
          "std": 0.0,
          "n": 5
        },
        "ood_test_accuracy": {
          "mean": 1.0,
          "std": 0.0,
          "n": 5
        },
        "ood_gap": {
          "mean": 0.0,
          "std": 0.0,
          "n": 5
        }
      },
      "nuisance_only_oracle": {
        "iid_test_accuracy": {
          "mean": 0.97158203125,
          "std": 0.003957789868976454,
          "n": 5
        },
        "ood_test_accuracy": {
          "mean": 0.028515625,
          "std": 0.0021451057262196088,
          "n": 5
        },
        "ood_gap": {
          "mean": 0.94306640625,
          "std": 0.0025975461090371847,
          "n": 5
        }
      },
      "final_frame_mlp": {
        "iid_test_accuracy": {
          "mean": 0.49052734375,
          "std": 0.019600098380017066,
          "n": 5
        },
        "ood_test_accuracy": {
          "mean": 0.50205078125,
          "std": 0.006742879432013297,
          "n": 5
        },
        "ood_gap": {
          "mean": -0.0115234375,
          "std": 0.024483787154667445,
          "n": 5
        }
      }
    },
    "L16": {
      "sequence_erm": {
        "iid_test_accuracy": {
          "mean": 0.9681640625,
          "std": 0.006043651737017891,
          "n": 5
        },
        "ood_test_accuracy": {
          "mean": 0.03232421875,
          "std": 0.0022215455402494776,
          "n": 5
        },
        "ood_gap": {
          "mean": 0.93583984375,
          "std": 0.004064776443020979,
          "n": 5
        }
      },
      "core_only_oracle": {
        "iid_test_accuracy": {
          "mean": 0.99990234375,
          "std": 0.00021836601342771383,
          "n": 5
        },
        "ood_test_accuracy": {
          "mean": 0.99970703125,
          "std": 0.0006550980402831415,
          "n": 5
        },
        "ood_gap": {
          "mean": 0.0001953125,
          "std": 0.0004367320268554277,