{
  "primary_scenario": "rv_main",
  "methods": {
    "core_only_oracle": {
      "val_iid_accuracy": {
        "mean": 1.0,
        "std": 0.0,
        "n": 5,
        "values": [
          1.0,
          1.0,
          1.0,
          1.0,
          1.0
        ]
      },
      "iid_test_accuracy": {
        "mean": 1.0,
        "std": 0.0,
        "n": 5,
        "values": [
          1.0,
          1.0,
          1.0,
          1.0,
          1.0
        ]
      },
      "ood_test_accuracy": {
        "mean": 1.0,
        "std": 0.0,
        "n": 5,
        "values": [
          1.0,
          1.0,
          1.0,
          1.0,
          1.0
        ]
      },
      "ood_gap": {
        "mean": 0.0,
        "std": 0.0,
        "n": 5,
        "values": [
          0.0,
          0.0,
          0.0,
          0.0,
          0.0
        ]
      }
    },
    "counterfactual_invariance": {
      "val_iid_accuracy": {
        "mean": 0.5490234375,
        "std": 0.026452048048256408,
        "n": 5,
        "values": [
          0.557617,
          0.588867,
          0.541992,
          0.539062,
          0.517578
        ]
      },
      "iid_test_accuracy": {
        "mean": 0.5412109375,
        "std": 0.03341000005444022,
        "n": 5,
        "values": [
          0.54541,
          0.595215,
          0.524902,
          0.53418,
          0.506348
        ]
      },
      "ood_test_accuracy": {
        "mean": 0.44775390625,
        "std": 0.039363464603373706,
        "n": 5,
        "values": [
          0.449707,
          0.382812,
          0.455078,
          0.461914,
          0.489258
        ]
      },
      "ood_gap": {
        "mean": 0.09345703125,
        "std": 0.07244405626935396,
        "n": 5,
        "values": [
          0.095703,
          0.212402,
          0.069824,
          0.072266,
          0.01709
        ]
      }
    },
    "final_frame_mlp": {
      "val_iid_accuracy": {
        "mean": 0.5615234375,
        "std": 0.0226827532213612,
        "n": 5,
        "values": [
          0.556641,
          0.595703,
          0.532227,
          0.563477,
          0.55957
        ]
      },
      "iid_test_accuracy": {
        "mean": 0.53486328125,
        "std": 0.022804877693033968,
        "n": 5,
        "values": [
          0.550781,
          0.536621,
          0.495117,
          0.54541,
          0.546387
        ]
      },
      "ood_test_accuracy": {
        "mean": 0.46455078125,
        "std": 0.01399758508835235,
        "n": 5,
        "values": [
          0.458984,
          0.455078,
          0.489258,
          0.458008,
          0.461426
        ]
      },
      "ood_gap": {
        "mean": 0.0703125,
        "std": 0.03622342681311984,
        "n": 5,
        "values": [
          0.091797,
          0.081543,
          0.005859,
          0.087402,
          0.084961
        ]
      }
    },
    "nuisance_only_oracle": {
      "val_iid_accuracy": {
        "mean": 0.7025390625,
        "std": 0.0059241214406652734,
        "n": 5,
        "values": [
          0.704102,
          0.704102,
          0.708008,
          0.704102,
          0.692383
        ]
      },
      "iid_test_accuracy": {
        "mean": 0.680859375,
        "std": 0.011812975677116436,
        "n": 5,
        "values": [
          0.69043,
          0.680176,
          0.694336,
          0.673828,
          0.665527
        ]
      },
      "ood_test_accuracy": {
        "mean": 0.31494140625,
        "std": 0.005808289674497226,
        "n": 5,
        "values": [
          0.311035,
          0.322754,
          0.308105,
          0.318359,
          0.314453
        ]
      },
      "ood_gap": {
        "mean": 0.36591796875,
        "std": 0.015779116646877346,
        "n": 5,
        "values": [
          0.379395,
          0.357422,
          0.38623,
          0.355469,
          0.351074
        ]
      }
    },
    "sequence_erm": {
      "val_iid_accuracy": {
        "mean": 0.6890625,
        "std": 0.011690232227847982,
        "n": 5,
        "values": [
          0.700195,
          0.683594,
          0.678711,
          0.703125,
          0.679688
        ]
      },
      "iid_test_accuracy": {
        "mean": 0.66357421875,
        "std": 0.009003461384075085,
        "n": 5,
        "values": [
          0.672852,
          0.65625,
          0.671875,
          0.664062,
          0.652832
        ]
      },
      "ood_test_accuracy": {
        "mean": 0.33330078125,
        "std": 0.009164871271189817,
        "n": 5,
        "values": [
          0.335938,
          0.327637,
          0.341309,
          0.341309,
          0.320312
        ]
      },
      "ood_gap": {
        "mean": 0.3302734375,
        "std": 0.005208841934802573,
        "n": 5,
        "values": [
          0.336914,
          0.328613,
          0.330566,
          0.322754,
          0.33252
        ]
      }
    },
    "main_gap_reduction": {
      "seeds": [
        0,
        1,
        2,
        3,
        4
      ],
      "values": [
        0.241211,
        0.116211,
        0.260742,
        0.250488,
        0.31543
      ],
      "mean": 0.23681640625,
      "consistent_positive": true
    }
  },
  "scenarios": {
    "rv_main": {
      "sequence_erm": {
        "iid_test_accuracy": {
          "mean": 0.66357421875,
          "std": 0.009003461384075085,
          "n": 5
        },
        "ood_test_accuracy": {
          "mean": 0.33330078125,
          "std": 0.009164871271189817,
          "n": 5
        },
        "ood_gap": {
          "mean": 0.3302734375,
          "std": 0.005208841934802573,
          "n": 5
        }
      },
      "core_only_oracle": {
        "iid_test_accuracy": {
          "mean": 1.0,
          "std": 0.0,
          "n": 5
        },
        "ood_test_accuracy": {
          "mean": 1.0,
          "std": 0.0,
          "n": 5
        },
        "ood_gap": {
          "mean": 0.0,
          "std": 0.0,
          "n": 5
        }
      },
      "nuisance_only_oracle": {
        "iid_test_accuracy": {
          "mean": 0.680859375,
          "std": 0.011812975677116436,
          "n": 5
        },
        "ood_test_accuracy": {
          "mean": 0.31494140625,
          "std": 0.005808289674497226,
          "n": 5
        },
        "ood_gap": {
          "mean": 0.36591796875,
          "std": 0.015779116646877346,
          "n": 5
        }
      },
      "final_frame_mlp": {
        "iid_test_accuracy": {
          "mean": 0.53486328125,
          "std": 0.022804877693033968,
          "n": 5
        },
        "ood_test_accuracy": {
          "mean": 0.46455078125,
          "std": 0.01399758508835235,
          "n": 5
        },
        "ood_gap": {
          "mean": 0.0703125,
          "std": 0.03622342681311984,
          "n": 5
        }
      },
      "counterfactual_invariance": {
        "iid_test_accuracy": {
          "mean": 0.5412109375,
          "std": 0.03341000005444022,
          "n": 5
        },
        "ood_test_accuracy": {
          "mean": 0.44775390625,
          "std": 0.039363464603373706,
          "n": 5
        },
        "ood_gap": {
          "mean": 0.09345703125,
          "std": 0.07244405626935396,
          "n": 5
        }
      }
    },
    "rv_no_spurious": {
      "sequence_erm": {
        "iid_test_accuracy": {
          "mean": 0.5052734375,
          "std": 0.008129552886041957,
          "n": 5
        },
        "ood_test_accuracy": {
          "mean": 0.4994140625,
          "std": 0.012320759283175888,
          "n": 5
        },
        "ood_gap": {
          "mean": 0.005859375,
          "std": 0.014822372301426308,
          "n": 5
        }
      }
    }
  }
}