{
  "primary_scenario": "main_spurious_arrow",
  "methods": {
    "counterfactual_invariance": {
      "val_iid_accuracy": {
        "mean": 0.942822265625,
        "std": 0.15632804616841067,
        "n": 10,
        "values": [
          1.0,
          0.969727,
          0.958496,
          0.5,
          1.0,
          1.0,
          1.0,
          1.0,
          1.0,
          1.0
        ]
      },
      "iid_test_accuracy": {
        "mean": 0.9430419921875,
        "std": 0.15632038862200368,
        "n": 10,
        "values": [
          1.0,
          0.968262,
          0.963135,
          0.5,
          1.0,
          1.0,
          0.999756,
          0.999512,
          0.999756,
          1.0
        ]
      },
      "ood_test_accuracy": {
        "mean": 0.75693359375,
        "std": 0.41027376943627675,
        "n": 10,
        "values": [
          0.999512,
          0.035645,
          0.037842,
          0.5,
          0.999756,
          0.999512,
          0.999512,
          0.998291,
          0.999512,
          0.999756
        ]
      },
      "ood_gap": {
        "mean": 0.1861083984375,
        "std": 0.39151851696251483,
        "n": 10,
        "values": [
          0.000488,
          0.932617,
          0.925293,
          0.0,
          0.000244,
          0.000488,
          0.000244,
          0.001221,
          0.000244,
          0.000244
        ]
      }
    },
    "final_frame_mlp": {
      "val_iid_accuracy": {
        "mean": 0.515869140625,
        "std": 0.006417179037668074,
        "n": 10,
        "values": [
          0.52002,
          0.515137,
          0.526367,
          0.505371,
          0.523438,
          0.511719,
          0.512695,
          0.511719,
          0.52002,
          0.512207
        ]
      },
      "iid_test_accuracy": {
        "mean": 0.503759765625,
        "std": 0.00791039067510997,
        "n": 10,
        "values": [
          0.497314,
          0.499512,
          0.502441,
          0.505859,
          0.498291,
          0.508789,
          0.521973,
          0.493652,
          0.506592,
          0.503174
        ]
      },
      "ood_test_accuracy": {
        "mean": 0.5007568359375,
        "std": 0.007449245734439014,
        "n": 10,
        "values": [
          0.501953,
          0.509521,
          0.504395,
          0.510498,
          0.50293,
          0.502686,
          0.49585,
          0.499756,
          0.494873,
          0.485107
        ]
      },
      "ood_gap": {
        "mean": 0.0030029296875,
        "std": 0.01201401768629435,
        "n": 10,
        "values": [
          -0.004639,
          -0.01001,
          -0.001953,
          -0.004639,
          -0.004639,
          0.006104,
          0.026123,
          -0.006104,
          0.011719,
          0.018066
        ]
      }
    },
    "nuisance_only_oracle": {
      "val_iid_accuracy": {
        "mean": 0.96865234375,
        "std": 0.002835957228466732,
        "n": 10,
        "values": [
          0.968262,
          0.969727,
          0.969727,
          0.96875,
          0.966797,
          0.965332,
          0.963379,
          0.97168,
          0.972656,
          0.970215
        ]
      },
      "iid_test_accuracy": {
        "mean": 0.968896484375,
        "std": 0.002506193330863463,
        "n": 10,
        "values": [
          0.963867,
          0.968262,
          0.970703,
          0.968994,
          0.968994,
          0.969482,
          0.972412,
          0.968262,
          0.966309,
          0.97168
        ]
      },
      "ood_test_accuracy": {
        "mean": 0.031201171875,
        "std": 0.0024163207760280773,
        "n": 10,
        "values": [
          0.031982,
          0.035645,
          0.031982,
          0.031006,
          0.028809,
          0.032471,
          0.028564,
          0.027588,
          0.030762,
          0.033203
        ]
      },
      "ood_gap": {
        "mean": 0.9376953125,
        "std": 0.0036408890395131345,
        "n": 10,
        "values": [
          0.931885,
          0.932617,
          0.938721,
          0.937988,
          0.940186,
          0.937012,
          0.943848,
          0.940674,
          0.935547,
          0.938477
        ]
      }
    },
    "sequence_erm": {
      "val_iid_accuracy": {
        "mean": 0.96865234375,
        "std": 0.002835957228466732,
        "n": 10,
        "values": [
          0.968262,
          0.969727,
          0.969727,
          0.96875,
          0.966797,
          0.965332,
          0.963379,
          0.97168,
          0.972656,
          0.970215
        ]
      },
      "iid_test_accuracy": {
        "mean": 0.968896484375,
        "std": 0.002506193330863463,
        "n": 10,
        "values": [
          0.963867,
          0.968262,
          0.970703,
          0.968994,
          0.968994,
          0.969482,
          0.972412,
          0.968262,
          0.966309,
          0.97168
        ]
      },
      "ood_test_accuracy": {
        "mean": 0.031201171875,
        "std": 0.0024163207760280773,
        "n": 10,
        "values": [
          0.031982,
          0.035645,
          0.031982,
          0.031006,
          0.028809,
          0.032471,
          0.028564,
          0.027588,
          0.030762,
          0.033203
        ]
      },
      "ood_gap": {
        "mean": 0.9376953125,
        "std": 0.0036408890395131345,
        "n": 10,
        "values": [
          0.931885,
          0.932617,
          0.938721,
          0.937988,
          0.940186,
          0.937012,
          0.943848,
          0.940674,
          0.935547,
          0.938477
        ]
      }
    },
    "main_gap_reduction": {
      "seeds": [
        0,
        1,
        2,
        3,
        4,
        5,
        6,
        7,
        8,
        9
      ],
      "values": [
        0.931396,
        0.0,
        0.013428,
        0.937988,
        0.939941,
        0.936523,
        0.943604,
        0.939453,
        0.935303,
        0.938232
      ],
      "mean": 0.7515869140625,
      "consistent_positive": false
    }
  },
  "scenarios": {
    "main_spurious_arrow": {
      "sequence_erm": {
        "iid_test_accuracy": {
          "mean": 0.968896484375,
          "std": 0.002506193330863463,
          "n": 10
        },
        "ood_test_accuracy": {
          "mean": 0.031201171875,
          "std": 0.0024163207760280773,
          "n": 10
        },
        "ood_gap": {
          "mean": 0.9376953125,
          "std": 0.0036408890395131345,
          "n": 10
        }
      },
      "final_frame_mlp": {
        "iid_test_accuracy": {
          "mean": 0.503759765625,
          "std": 0.00791039067510997,
          "n": 10
        },
        "ood_test_accuracy": {
          "mean": 0.5007568359375,
          "std": 0.007449245734439014,
          "n": 10
        },
        "ood_gap": {
          "mean": 0.0030029296875,
          "std": 0.01201401768629435,
          "n": 10
        }
      },
      "nuisance_only_oracle": {
        "iid_test_accuracy": {
          "mean": 0.968896484375,
          "std": 0.002506193330863463,
          "n": 10
        },
        "ood_test_accuracy": {
          "mean": 0.031201171875,
          "std": 0.0024163207760280773,
          "n": 10
        },
        "ood_gap": {
          "mean": 0.9376953125,
          "std": 0.0036408890395131345,
          "n": 10
        }
      },
      "counterfactual_invariance": {
        "iid_test_accuracy": {
          "mean": 0.9430419921875,
          "std": 0.15632038862200368,
          "n": 10
        },
        "ood_test_accuracy": {
          "mean": 0.75693359375,
          "std": 0.41027376943627675,
          "n": 10
        },
        "ood_gap": {
          "mean": 0.1861083984375,
          "std": 0.39151851696251483,
          "n": 10
        }
      }
    },