{
  "primary_scenario": "fam_diffusion_translate",
  "methods": {
    "core_only_oracle": {
      "val_iid_accuracy": {
        "mean": 1.0,
        "std": 0.0,
        "n": 5,
        "values": [
          1.0,
          1.0,
          1.0,
          1.0,
          1.0
        ]
      },
      "iid_test_accuracy": {
        "mean": 1.0,
        "std": 0.0,
        "n": 5,
        "values": [
          1.0,
          1.0,
          1.0,
          1.0,
          1.0
        ]
      },
      "ood_test_accuracy": {
        "mean": 1.0,
        "std": 0.0,
        "n": 5,
        "values": [
          1.0,
          1.0,
          1.0,
          1.0,
          1.0
        ]
      },
      "ood_gap": {
        "mean": 0.0,
        "std": 0.0,
        "n": 5,
        "values": [
          0.0,
          0.0,
          0.0,
          0.0,
          0.0
        ]
      }
    },
    "final_frame_mlp": {
      "val_iid_accuracy": {
        "mean": 0.53125,
        "std": 0.020084925587112435,
        "n": 5,
        "values": [
          0.516602,
          0.566406,
          0.526367,
          0.520508,
          0.526367
        ]
      },
      "iid_test_accuracy": {
        "mean": 0.489453125,
        "std": 0.014732020654212793,
        "n": 5,
        "values": [
          0.472656,
          0.486328,
          0.479004,
          0.506348,
          0.50293
        ]
      },
      "ood_test_accuracy": {
        "mean": 0.496484375,
        "std": 0.010244601432974726,
        "n": 5,
        "values": [
          0.506348,
          0.501953,
          0.502441,
          0.481934,
          0.489746
        ]
      },
      "ood_gap": {
        "mean": -0.00703125,
        "std": 0.024754944432673367,
        "n": 5,
        "values": [
          -0.033691,
          -0.015625,
          -0.023438,
          0.024414,
          0.013184
        ]
      }
    },
    "nuisance_only_oracle": {
      "val_iid_accuracy": {
        "mean": 0.9705078125,
        "std": 0.005139725533961238,
        "n": 5,
        "values": [
          0.975586,
          0.975586,
          0.970703,
          0.964844,
          0.96582
        ]
      },
      "iid_test_accuracy": {
        "mean": 0.97158203125,
        "std": 0.003957789868976454,
        "n": 5,
        "values": [
          0.972168,
          0.969238,
          0.978027,
          0.970703,
          0.967773
        ]
      },
      "ood_test_accuracy": {
        "mean": 0.028515625,
        "std": 0.0021451057262196088,
        "n": 5,
        "values": [
          0.027832,
          0.029297,
          0.03125,
          0.028809,
          0.025391
        ]
      },
      "ood_gap": {
        "mean": 0.94306640625,
        "std": 0.0025975461090371847,
        "n": 5,
        "values": [
          0.944336,
          0.939941,
          0.946777,
          0.941895,
          0.942383
        ]
      }
    },
    "sequence_erm": {
      "val_iid_accuracy": {
        "mean": 0.9705078125,
        "std": 0.005139725533961238,
        "n": 5,
        "values": [
          0.975586,
          0.975586,
          0.970703,
          0.964844,
          0.96582
        ]
      },
      "iid_test_accuracy": {
        "mean": 0.97158203125,
        "std": 0.003957789868976454,
        "n": 5,
        "values": [
          0.972168,
          0.969238,
          0.978027,
          0.970703,
          0.967773
        ]
      },
      "ood_test_accuracy": {
        "mean": 0.028515625,
        "std": 0.0021451057262196088,
        "n": 5,
        "values": [
          0.027832,
          0.029297,
          0.03125,
          0.028809,
          0.025391
        ]
      },
      "ood_gap": {
        "mean": 0.94306640625,
        "std": 0.0025975461090371847,
        "n": 5,
        "values": [
          0.944336,
          0.939941,
          0.946777,
          0.941895,
          0.942383
        ]
      }
    }
  },
  "scenarios": {
    "fam_diffusion_translate": {
      "sequence_erm": {
        "iid_test_accuracy": {
          "mean": 0.97158203125,
          "std": 0.003957789868976454,
          "n": 5
        },
        "ood_test_accuracy": {
          "mean": 0.028515625,
          "std": 0.0021451057262196088,
          "n": 5
        },
        "ood_gap": {
          "mean": 0.94306640625,
          "std": 0.0025975461090371847,
          "n": 5
        }
      },
      "core_only_oracle": {
        "iid_test_accuracy": {
          "mean": 1.0,
          "std": 0.0,
          "n": 5
        },
        "ood_test_accuracy": {
          "mean": 1.0,
          "std": 0.0,
          "n": 5
        },
        "ood_gap": {
          "mean": 0.0,
          "std": 0.0,
          "n": 5
        }
      },
      "nuisance_only_oracle": {
        "iid_test_accuracy": {
          "mean": 0.97158203125,
          "std": 0.003957789868976454,
          "n": 5
        },
        "ood_test_accuracy": {
          "mean": 0.028515625,
          "std": 0.0021451057262196088,
          "n": 5
        },
        "ood_gap": {
          "mean": 0.94306640625,
          "std": 0.0025975461090371847,
          "n": 5
        }
      },
      "final_frame_mlp": {
        "iid_test_accuracy": {
          "mean": 0.489453125,
          "std": 0.014732020654212793,
          "n": 5
        },
        "ood_test_accuracy": {
          "mean": 0.496484375,
          "std": 0.010244601432974726,
          "n": 5
        },
        "ood_gap": {
          "mean": -0.00703125,
          "std": 0.024754944432673367,
          "n": 5
        }
      }
    },
    "fam_diffusion_rotate": {
      "sequence_erm": {
        "iid_test_accuracy": {
          "mean": 0.97158203125,
          "std": 0.003957789868976454,
          "n": 5
        },
        "ood_test_accuracy": {
          "mean": 0.028515625,
          "std": 0.0021451057262196088,
          "n": 5
        },
        "ood_gap": {
          "mean": 0.94306640625,
          "std": 0.0025975461090371847,
          "n": 5
        }
      },
      "core_only_oracle": {
        "iid_test_accuracy": {
          "mean": 1.0,
          "std": 0.0,
          "n": 5
        },
        "ood_test_accuracy": {
          "mean": 1.0,
          "std": 0.0,
          "n": 5
        },
        "ood_gap": {
          "mean": 0.0,
          "std": 0.0,
          "n": 5
        }
      },
      "nuisance_only_oracle": {
        "iid_test_accuracy": {
          "mean": 0.97158203125,
          "std": 0.003957789868976454,
          "n": 5
        },
        "ood_test_accuracy": {
          "mean": 0.028515625,
          "std": 0.0021451057262196088,
          "n": 5
        },
        "ood_gap": {
          "mean": 0.94306640625,
          "std": 0.0025975461090371847,
          "n": 5
        }
      },
      "final_frame_mlp": {
        "iid_test_accuracy": {
          "mean": 0.49638671875,
          "std": 0.009351573921776652,
          "n": 5
        },
        "ood_test_accuracy": {
          "mean": 0.50263671875,
          "std": 0.011599120836813958,
          "n": 5
        },
        "ood_gap": {
          "mean": -0.00625,
          "std": 0.00839645007371163,
          "n": 5
        }
      }
    },
    "fam_diffusion_diagonal": {
      "sequence_erm": {
        "iid_test_accuracy": {
          "mean": 0.97158203125,
          "std": 0.003957789868976454,
          "n": 5
        },
        "ood_test_accuracy": {
          "mean": 0.028515625,
          "std": 0.0021451057262196088,
          "n": 5
        },
        "ood_gap": {
          "mean": 0.94306640625,
          "std": 0.0025975461090371847,
          "n": 5
        }
      },
      "core_only_oracle": {
        "iid_test_accuracy": {
          "mean": 1.0,
          "std": 0.0,
          "n": 5
        },
        "ood_test_accuracy": {
          "mean": 1.0,
          "std": 0.0,
          "n": 5
        },
        "ood_gap": {
          "mean": 0.0,
          "std": 0.0,
          "n": 5
        }
      },