{
  "primary_scenario": "scale_2p8",
  "methods": {
    "core_only_oracle": {
      "val_iid_accuracy": {
        "mean": 1.0,
        "std": 0.0,
        "n": 10,
        "values": [
          1.0,
          1.0,
          1.0,
          1.0,
          1.0,
          1.0,
          1.0,
          1.0,
          1.0,
          1.0
        ]
      },
      "iid_test_accuracy": {
        "mean": 1.0,
        "std": 0.0,
        "n": 10,
        "values": [
          1.0,
          1.0,
          1.0,
          1.0,
          1.0,
          1.0,
          1.0,
          1.0,
          1.0,
          1.0
        ]
      },
      "ood_test_accuracy": {
        "mean": 1.0,
        "std": 0.0,
        "n": 10,
        "values": [
          1.0,
          1.0,
          1.0,
          1.0,
          1.0,
          1.0,
          1.0,
          1.0,
          1.0,
          1.0
        ]
      },
      "ood_gap": {
        "mean": 0.0,
        "std": 0.0,
        "n": 10,
        "values": [
          0.0,
          0.0,
          0.0,
          0.0,
          0.0,
          0.0,
          0.0,
          0.0,
          0.0,
          0.0
        ]
      }
    },
    "counterfactual_invariance": {
      "val_iid_accuracy": {
        "mean": 0.977734375,
        "std": 0.015497663643151744,
        "n": 10,
        "values": [
          0.968262,
          0.969727,
          1.0,
          1.0,
          0.966797,
          0.965332,
          0.963379,
          0.97168,
          0.972656,
          0.999512
        ]
      },
      "iid_test_accuracy": {
        "mean": 0.977685546875,
        "std": 0.015385035464265524,
        "n": 10,
        "values": [
          0.963867,
          0.968262,
          1.0,
          0.999268,
          0.968994,
          0.969482,
          0.972412,
          0.968262,
          0.966309,
          1.0
        ]
      },
      "ood_test_accuracy": {
        "mean": 0.321435546875,
        "std": 0.46792262774707283,
        "n": 10,
        "values": [
          0.031982,
          0.035645,
          0.999756,
          0.999756,
          0.028809,
          0.032471,
          0.028564,
          0.027588,
          0.030762,
          0.999023
        ]
      },
      "ood_gap": {
        "mean": 0.65625,
        "std": 0.4527015314997055,
        "n": 10,
        "values": [
          0.931885,
          0.932617,
          0.000244,
          -0.000488,
          0.940186,
          0.937012,
          0.943848,
          0.940674,
          0.935547,
          0.000977
        ]
      }
    },
    "final_frame_mlp": {
      "val_iid_accuracy": {
        "mean": 0.514013671875,
        "std": 0.00919574748547814,
        "n": 10,
        "values": [
          0.508789,
          0.51709,
          0.522949,
          0.504883,
          0.516113,
          0.501465,
          0.522461,
          0.512695,
          0.529297,
          0.504395
        ]
      },
      "iid_test_accuracy": {
        "mean": 0.5010986328125,
        "std": 0.0064626851340428065,
        "n": 10,
        "values": [
          0.503174,
          0.491455,
          0.505615,
          0.508789,
          0.502686,
          0.506348,
          0.496094,
          0.490723,
          0.499268,
          0.506836
        ]
      },
      "ood_test_accuracy": {
        "mean": 0.5035888671875,
        "std": 0.009657228543034075,
        "n": 10,
        "values": [
          0.493408,
          0.50293,
          0.525879,
          0.501953,
          0.499023,
          0.508057,
          0.494141,
          0.508057,
          0.495117,
          0.507324
        ]
      },
      "ood_gap": {
        "mean": -0.002490234375,
        "std": 0.010330351204381165,
        "n": 10,
        "values": [
          0.009766,
          -0.011475,
          -0.020264,
          0.006836,
          0.003662,
          -0.001709,
          0.001953,
          -0.017334,
          0.00415,
          -0.000488
        ]
      }
    },
    "nuisance_only_oracle": {
      "val_iid_accuracy": {
        "mean": 0.96865234375,
        "std": 0.002835957228466732,
        "n": 10,
        "values": [
          0.968262,
          0.969727,
          0.969727,
          0.96875,
          0.966797,
          0.965332,
          0.963379,
          0.97168,
          0.972656,
          0.970215
        ]
      },
      "iid_test_accuracy": {
        "mean": 0.968896484375,
        "std": 0.002506193330863463,
        "n": 10,
        "values": [
          0.963867,
          0.968262,
          0.970703,
          0.968994,
          0.968994,
          0.969482,
          0.972412,
          0.968262,
          0.966309,
          0.97168
        ]
      },
      "ood_test_accuracy": {
        "mean": 0.031201171875,
        "std": 0.0024163207760280773,
        "n": 10,
        "values": [
          0.031982,
          0.035645,
          0.031982,
          0.031006,
          0.028809,
          0.032471,
          0.028564,
          0.027588,
          0.030762,
          0.033203
        ]
      },
      "ood_gap": {
        "mean": 0.9376953125,
        "std": 0.0036408890395131345,
        "n": 10,
        "values": [
          0.931885,
          0.932617,
          0.938721,
          0.937988,
          0.940186,
          0.937012,
          0.943848,
          0.940674,
          0.935547,
          0.938477
        ]
      }
    },
    "sequence_erm": {
      "val_iid_accuracy": {
        "mean": 0.96865234375,
        "std": 0.002835957228466732,
        "n": 10,
        "values": [
          0.968262,
          0.969727,
          0.969727,
          0.96875,
          0.966797,
          0.965332,
          0.963379,
          0.97168,
          0.972656,
          0.970215
        ]
      },
      "iid_test_accuracy": {
        "mean": 0.968896484375,
        "std": 0.002506193330863463,
        "n": 10,
        "values": [
          0.963867,
          0.968262,
          0.970703,
          0.968994,
          0.968994,
          0.969482,
          0.972412,
          0.968262,
          0.966309,
          0.97168
        ]
      },
      "ood_test_accuracy": {
        "mean": 0.03125,
        "std": 0.0024168688810087074,
        "n": 10,
        "values": [
          0.031982,
          0.035645,
          0.031982,
          0.031494,
          0.028809,
          0.032471,
          0.028564,
          0.027588,
          0.030762,
          0.033203
        ]
      },
      "ood_gap": {
        "mean": 0.937646484375,
        "std": 0.0036397974822889286,
        "n": 10,
        "values": [
          0.931885,
          0.932617,
          0.938721,
          0.9375,
          0.940186,
          0.937012,
          0.943848,
          0.940674,
          0.935547,
          0.938477
        ]
      }
    },
    "main_gap_reduction": {
      "seeds": [
        0,
        1,
        2,
        3,
        4,
        5,
        6,
        7,
        8,
        9
      ],
      "values": [
        0.0,
        0.0,
        0.938477,
        0.937988,
        0.0,
        0.0,
        0.0,
        0.0,
        0.0,
        0.9375
      ],
      "mean": 0.281396484375,
      "consistent_positive": false
    }
  },
  "scenarios": {
    "scale_1p0": {
      "final_frame_mlp": {
        "iid_test_accuracy": {
          "mean": 0.49755859375,
          "std": 0.010497100550855561,
          "n": 10
        },
        "ood_test_accuracy": {
          "mean": 0.5014892578125,
          "std": 0.008327426406350402,
          "n": 10
        },
        "ood_gap": {
          "mean": -0.0039306640625,
          "std": 0.010710977240297887,
          "n": 10
        }
      },
      "sequence_erm": {
        "iid_test_accuracy": {
          "mean": 0.968896484375,
          "std": 0.002506193330863463,
          "n": 10
        },
        "ood_test_accuracy": {
          "mean": 0.031201171875,