{
  "start6_sb2_noise0.03": {
    "frame_t0": 0.9169921875,
    "frame_t3": 0.666748046875,
    "frame_t7": 0.5283203125,
    "mean_probe": 0.991455078125,
    "gru_iid": 0.998779296875,
    "gru_ood": 0.999267578125
  },
  "start6_sb2_noise0.05": {
    "frame_t0": 0.63427734375,
    "frame_t3": 0.53662109375,
    "frame_t7": 0.4951171875,
    "mean_probe": 0.881591796875,
    "gru_iid": 0.97412109375,
    "gru_ood": 0.9697265625
  },
  "start6_sb2_noise0.07": {
    "frame_t0": 0.53564453125,
    "frame_t3": 0.51806640625,
    "frame_t7": 0.50244140625,
    "mean_probe": 0.713134765625,
    "gru_iid": 0.85888671875,
    "gru_ood": 0.842041015625
  },
  "start8_sb2_noise0.03": {
    "frame_t0": 0.822509765625,
    "frame_t3": 0.61962890625,
    "frame_t7": 0.524169921875,
    "mean_probe": 0.974853515625,
    "gru_iid": 0.997314453125,
    "gru_ood": 0.997314453125
  },
  "start8_sb2_noise0.05": {
    "frame_t0": 0.56689453125,
    "frame_t3": 0.525390625,
    "frame_t7": 0.4921875,
    "mean_probe": 0.813720703125,
    "gru_iid": 0.929931640625,
    "gru_ood": 0.916259765625
  },
  "start8_sb2_noise0.07": {
    "frame_t0": 0.5048828125,
    "frame_t3": 0.509033203125,
    "frame_t7": 0.499267578125,
    "mean_probe": 0.637451171875,
    "gru_iid": 0.7138671875,
    "gru_ood": 0.70166015625
  },
  "start10_sb2_noise0.03": {
    "frame_t0": 0.729736328125,
    "frame_t3": 0.58251953125,
    "frame_t7": 0.51025390625,
    "mean_probe": 0.952880859375,
    "gru_iid": 0.990478515625,
    "gru_ood": 0.9853515625
  },
  "start10_sb2_noise0.05": {
    "frame_t0": 0.53466796875,
    "frame_t3": 0.522705078125,
    "frame_t7": 0.49267578125,
    "mean_probe": 0.751220703125,
    "gru_iid": 0.86474609375,
    "gru_ood": 0.834716796875
  },
  "start10_sb2_noise0.07": {
    "frame_t0": 0.504150390625,
    "frame_t3": 0.509521484375,
    "frame_t7": 0.495849609375,
    "mean_probe": 0.59912109375,
    "gru_iid": 0.49853515625,
    "gru_ood": 0.507080078125
  }
}