{
  "start8_noise0.05": {
    "frame_t0": 0.56689453125,
    "frame_t3": 0.519287109375,
    "frame_t7": 0.50439453125,
    "mean_probe": 0.674560546875,
    "gru_iid": 0.881103515625,
    "gru_ood": 0.8662109375
  },
  "start8_noise0.08": {
    "frame_t0": 0.501708984375,
    "frame_t3": 0.511962890625,
    "frame_t7": 0.4912109375,
    "mean_probe": 0.53662109375,
    "gru_iid": 0.507080078125,
    "gru_ood": 0.499755859375
  },
  "start8_noise0.12": {
    "frame_t0": 0.504638671875,
    "frame_t3": 0.509033203125,
    "frame_t7": 0.492919921875,
    "mean_probe": 0.51025390625,
    "gru_iid": 0.50732421875,
    "gru_ood": 0.509521484375
  },
  "start12_noise0.05": {
    "frame_t0": 0.513671875,
    "frame_t3": 0.517333984375,
    "frame_t7": 0.49755859375,
    "mean_probe": 0.607177734375,
    "gru_iid": 0.657958984375,
    "gru_ood": 0.654052734375
  },
  "start12_noise0.08": {
    "frame_t0": 0.49951171875,
    "frame_t3": 0.499267578125,
    "frame_t7": 0.488525390625,
    "mean_probe": 0.517822265625,
    "gru_iid": 0.504150390625,
    "gru_ood": 0.49755859375
  },
  "start12_noise0.12": {
    "frame_t0": 0.509521484375,
    "frame_t3": 0.50146484375,
    "frame_t7": 0.495361328125,
    "mean_probe": 0.503173828125,
    "gru_iid": 0.489013671875,
    "gru_ood": 0.500732421875
  },
  "start16_noise0.05": {
    "frame_t0": 0.4970703125,
    "frame_t3": 0.506591796875,
    "frame_t7": 0.49365234375,
    "mean_probe": 0.561279296875,
    "gru_iid": 0.50439453125,
    "gru_ood": 0.500732421875
  },
  "start16_noise0.08": {
    "frame_t0": 0.495849609375,
    "frame_t3": 0.50927734375,
    "frame_t7": 0.49560546875,
    "mean_probe": 0.5146484375,
    "gru_iid": 0.5048828125,
    "gru_ood": 0.498779296875
  },
  "start16_noise0.12": {
    "frame_t0": 0.49658203125,
    "frame_t3": 0.501953125,
    "frame_t7": 0.497802734375,
    "mean_probe": 0.49658203125,
    "gru_iid": 0.502685546875,
    "gru_ood": 0.50830078125
  }
}