{
  "diffusion_core/n1024": {
    "iid_mean": 1.0,
    "iid_std": 0.0,
    "epochs_to_95pct_ceiling": [
      7,
      6,
      7,
      6,
      7
    ],
    "epochs_median": 7.0
  },
  "diffusion_core/n8192": {
    "iid_mean": 1.0,
    "iid_std": 0.0,
    "epochs_to_95pct_ceiling": [
      1,
      1,
      1,
      1,
      1
    ],
    "epochs_median": 1.0
  },
  "multiframe_core/n1024": {
    "iid_mean": 0.74111328125,
    "iid_std": 0.16176896720771133,
    "epochs_to_95pct_ceiling": [
      101,
      101,
      101,
      101,
      101
    ],
    "epochs_median": 101.0
  },
  "multiframe_core/n8192": {
    "iid_mean": 0.953173828125,
    "iid_std": 0.00490534352475188,
    "epochs_to_95pct_ceiling": [
      6,
      6,
      7,
      5,
      6
    ],
    "epochs_median": 6.0
  },
  "oe_nuisance/n1024": {
    "iid_mean": 0.9681640625,
    "iid_std": 0.0025640577838117427,
    "epochs_to_95pct_ceiling": [
      5,
      5,
      5,
      5,
      6
    ],
    "epochs_median": 5.0
  },
  "oe_nuisance/n8192": {
    "iid_mean": 0.9681640625,
    "iid_std": 0.0025640577838117427,
    "epochs_to_95pct_ceiling": [
      1,
      1,
      2,
      1,
      1
    ],
    "epochs_median": 1.0
  }
}