{
  "endpoint_matched": {
    "mean": 0.499609375,
    "std": 0.00957703646126353,
    "values": [
      0.4834,
      0.499,
      0.5073,
      0.5054,
      0.5029
    ]
  },
  "residue_visible": {
    "mean": 1.0,
    "std": 0.0,
    "values": [
      1.0,
      1.0,
      1.0,
      1.0,
      1.0
    ]
  }
}