{
  "frame_t0": {
    "mean": 0.5716796875,
    "std": 0.0071044502388151595,
    "values": [
      0.5669,
      0.5654,
      0.5713,
      0.5713,
      0.5835
    ]
  },
  "frame_t3": {
    "mean": 0.5205078125,
    "std": 0.007061110773427525,
    "values": [
      0.5254,
      0.5269,
      0.522,
      0.509,
      0.5193
    ]
  },
  "frame_t7": {
    "mean": 0.499755859375,
    "std": 0.0064153727263041565,
    "values": [
      0.4922,
      0.4937,
      0.5046,
      0.5022,
      0.5061
    ]
  },
  "mean_probe": {
    "mean": 0.80498046875,
    "std": 0.007206078443114557,
    "values": [
      0.8137,
      0.8108,
      0.7966,
      0.804,
      0.7998
    ]
  },
  "gru_iid": {
    "mean": 0.9244140625,
    "std": 0.006629215986290951,
    "values": [
      0.9238,
      0.9309,
      0.9255,
      0.9282,
      0.9136
    ]
  },
  "gru_ood": {
    "mean": 0.921923828125,
    "std": 0.006646725713275637,
    "values": [
      0.9102,
      0.9265,
      0.9243,
      0.9243,
      0.9243
    ]
  }
}