{
  "mean_probe": {
    "mean": 0.85419921875,
    "std": 0.0034844606671258424,
    "values": [
      0.854,
      0.8555,
      0.8547,
      0.8582,
      0.8486
    ]
  },
  "gru_iid": {
    "mean": 0.96083984375,
    "std": 0.006175358429054537,
    "values": [
      0.9622,
      0.968,
      0.9651,
      0.9543,
      0.9546
    ]
  },
  "gru_ood": {
    "mean": 0.95771484375,
    "std": 0.004526159123285632,
    "values": [
      0.9507,
      0.9619,
      0.96,
      0.9602,
      0.9558
    ]
  }
}