{
  "start8_sb2_noise0.04": {
    "t0": 0.666015625,
    "core_gru": 0.982666015625,
    "nospur_erm": 0.49951171875
  },
  "start8_sb2_noise0.045": {
    "t0": 0.597900390625,
    "core_gru": 0.9599609375,
    "nospur_erm": 0.50732421875
  },
  "start10_sb2_noise0.035": {
    "t0": 0.641357421875,
    "core_gru": 0.97216796875,
    "nospur_erm": 0.50634765625
  },
  "start10_sb2_noise0.04": {
    "t0": 0.57958984375,
    "core_gru": 0.95068359375,
    "nospur_erm": 0.50439453125
  },
  "start12_sb2_noise0.03": {
    "t0": 0.653076171875,
    "core_gru": 0.97119140625,
    "nospur_erm": 0.5078125
  }
}