{
  "trail": {
    "iid": {
      "mean": 0.968896484375,
      "std": 0.002506193330863463,
      "values": [
        0.9639,
        0.9683,
        0.9707,
        0.969,
        0.969,
        0.9695,
        0.9724,
        0.9683,
        0.9663,
        0.9717
      ]
    },
    "ood": {
      "mean": 0.031201171875,
      "std": 0.0024163207760280773,
      "values": [
        0.032,
        0.0356,
        0.032,
        0.031,
        0.0288,
        0.0325,
        0.0286,
        0.0276,
        0.0308,
        0.0332
      ]
    },
    "iid_shuffled": {
      "mean": 0.961328125,
      "std": 0.018966372954603475,
      "values": [
        0.9087,
        0.9683,
        0.9707,
        0.969,
        0.9688,
        0.9651,
        0.9565,
        0.9683,
        0.9663,
        0.9717
      ]
    },
    "ood_shuffled": {
      "mean": 0.039111328125,
      "std": 0.01978453122727388,
      "values": [
        0.094,
        0.0356,
        0.032,
        0.031,
        0.0288,
        0.0347,
        0.0435,
        0.0276,
        0.0308,
        0.0332
      ]
    },
    "iid_reversed_order": {
      "mean": 0.9535400390625,
      "std": 0.04186488527579986,
      "values": [
        0.8362,
        0.9683,
        0.9707,
        0.969,
        0.969,
        0.9695,
        0.9465,
        0.9683,
        0.9663,
        0.9717
      ]
    },
    "ood_reversed_order": {
      "mean": 0.0487548828125,
      "std": 0.044989059260299,
      "values": [
        0.1736,
        0.0356,
        0.032,
        0.031,
        0.0288,
        0.0325,
        0.0625,
        0.0276,
        0.0308,
        0.0332
      ]
    }
  },
  "order_encoded": {
    "iid": {
      "mean": 0.968896484375,
      "std": 0.002506193330863463,
      "values": [
        0.9639,
        0.9683,
        0.9707,
        0.969,
        0.969,
        0.9695,
        0.9724,
        0.9683,
        0.9663,
        0.9717
      ]
    },
    "ood": {
      "mean": 0.031201171875,
      "std": 0.0024163207760280773,
      "values": [
        0.032,
        0.0356,
        0.032,
        0.031,
        0.0288,
        0.0325,
        0.0286,
        0.0276,
        0.0308,
        0.0332
      ]
    },
    "iid_shuffled": {
      "mean": 0.4989501953125,
      "std": 0.0069702991689082165,
      "values": [
        0.499,
        0.5015,
        0.4885,
        0.4956,
        0.5088,
        0.4915,
        0.4937,
        0.5042,
        0.509,
        0.4978
      ]
    },
    "ood_shuffled": {
      "mean": 0.492919921875,
      "std": 0.007749515531977482,
      "values": [
        0.5027,
        0.4971,
        0.4963,
        0.4958,
        0.489,
        0.4873,
        0.5046,
        0.4795,
        0.4895,
        0.4873
      ]
    },
    "iid_reversed_order": {
      "mean": 0.031103515625,
      "std": 0.002506193330863463,
      "values": [
        0.0361,
        0.0317,
        0.0293,
        0.031,
        0.031,
        0.0305,
        0.0276,
        0.0317,
        0.0337,
        0.0283
      ]
    },
    "ood_reversed_order": {
      "mean": 0.968798828125,
      "std": 0.0024163207760280777,
      "values": [
        0.968,
        0.9644,
        0.968,
        0.969,
        0.9712,
        0.9675,
        0.9714,
        0.9724,
        0.9692,
        0.9668
      ]
    }
  }
}