{
  "primary_scenario": "oe_no_spurious",
  "methods": {
    "sequence_erm": {
      "val_iid_accuracy": {
        "mean": 1.0,
        "std": 0.0,
        "n": 3,
        "values": [
          1.0,
          1.0,
          1.0
        ]
      },
      "iid_test_accuracy": {
        "mean": 0.9994303385416666,
        "std": 0.0009866825889471144,
        "n": 3,
        "values": [
          0.998291,
          1.0,
          1.0
        ]
      },
      "ood_test_accuracy": {
        "mean": 0.9993489583333334,
        "std": 0.001127637244510988,
        "n": 3,
        "values": [
          0.998047,
          1.0,
          1.0
        ]
      },
      "ood_gap": {
        "mean": 8.138020833333333e-05,
        "std": 0.0001409546555638735,
        "n": 3,
        "values": [
          0.000244,
          0.0,
          0.0
        ]
      }
    }
  },
  "scenarios": {
    "oe_no_spurious": {
      "sequence_erm": {
        "iid_test_accuracy": {
          "mean": 0.9994303385416666,
          "std": 0.0009866825889471144,
          "n": 3
        },
        "ood_test_accuracy": {
          "mean": 0.9993489583333334,
          "std": 0.001127637244510988,
          "n": 3
        },
        "ood_gap": {
          "mean": 8.138020833333333e-05,
          "std": 0.0001409546555638735,
          "n": 3
        }
      }
    }
  }
}