{
  "primary_scenario": "rv_main",
  "methods": {
    "core_only_oracle": {
      "val_iid_accuracy": {
        "mean": 1.0,
        "std": 0.0,
        "n": 5,
        "values": [
          1.0,
          1.0,
          1.0,
          1.0,
          1.0
        ]
      },
      "iid_test_accuracy": {
        "mean": 1.0,
        "std": 0.0,
        "n": 5,
        "values": [
          1.0,
          1.0,
          1.0,
          1.0,
          1.0
        ]
      },
      "ood_test_accuracy": {
        "mean": 1.0,
        "std": 0.0,
        "n": 5,
        "values": [
          1.0,
          1.0,
          1.0,
          1.0,
          1.0
        ]
      },
      "ood_gap": {
        "mean": 0.0,
        "std": 0.0,
        "n": 5,
        "values": [
          0.0,
          0.0,
          0.0,
          0.0,
          0.0
        ]
      }
    },
    "counterfactual_invariance": {
      "val_iid_accuracy": {
        "mean": 0.80712890625,
        "std": 0.26332985630234723,
        "n": 5,
        "values": [
          0.999512,
          0.999023,
          0.538086,
          0.999023,
          0.5
        ]
      },
      "iid_test_accuracy": {
        "mean": 0.80234375,
        "std": 0.26980386851247046,
        "n": 5,
        "values": [
          0.999512,
          0.999512,
          0.513672,
          0.999023,
          0.5
        ]
      },
      "ood_test_accuracy": {
        "mean": 0.79345703125,
        "std": 0.2807657523487428,
        "n": 5,
        "values": [
          0.999512,
          0.998535,
          0.472168,
          0.99707,
          0.5
        ]
      },
      "ood_gap": {
        "mean": 0.00888671875,
        "std": 0.01825153250334621,
        "n": 5,
        "values": [
          0.0,
          0.000977,
          0.041504,
          0.001953,
          0.0
        ]
      }
    },
    "final_frame_mlp": {
      "val_iid_accuracy": {
        "mean": 0.56162109375,
        "std": 0.01140113193179396,
        "n": 5,
        "values": [
          0.551758,
          0.561035,
          0.558594,
          0.555664,
          0.581055
        ]
      },
      "iid_test_accuracy": {
        "mean": 0.5361328125,
        "std": 0.011774565968542474,
        "n": 5,
        "values": [
          0.519531,
          0.551758,
          0.536621,
          0.532227,
          0.540527
        ]
      },
      "ood_test_accuracy": {
        "mean": 0.457421875,
        "std": 0.02336465323022894,
        "n": 5,
        "values": [
          0.484863,
          0.446289,
          0.438477,
          0.480469,
          0.437012
        ]
      },
      "ood_gap": {
        "mean": 0.0787109375,
        "std": 0.03307254020096186,
        "n": 5,
        "values": [
          0.034668,
          0.105469,
          0.098145,
          0.051758,
          0.103516
        ]
      }
    },
    "nuisance_only_oracle": {
      "val_iid_accuracy": {
        "mean": 0.76767578125,
        "std": 0.01115805457984661,
        "n": 5,
        "values": [
          0.749023,
          0.766602,
          0.772461,
          0.777832,
          0.772461
        ]
      },
      "iid_test_accuracy": {
        "mean": 0.77236328125,
        "std": 0.003354602351038607,
        "n": 5,
        "values": [
          0.773438,
          0.773438,
          0.772949,
          0.775391,
          0.766602
        ]
      },
      "ood_test_accuracy": {
        "mean": 0.233984375,
        "std": 0.014291717766465605,
        "n": 5,
        "values": [
          0.256836,
          0.220703,
          0.234375,
          0.223145,
          0.234863
        ]
      },
      "ood_gap": {
        "mean": 0.53837890625,
        "std": 0.015139081216848399,
        "n": 5,
        "values": [
          0.516602,
          0.552734,
          0.538574,
          0.552246,
          0.531738
        ]
      }
    },
    "sequence_erm": {
      "val_iid_accuracy": {
        "mean": 0.900390625,
        "std": 0.09506385765134495,
        "n": 5,
        "values": [
          0.888672,
          0.977539,
          0.977539,
          0.745605,
          0.912598
        ]
      },
      "iid_test_accuracy": {
        "mean": 0.89560546875,
        "std": 0.09638417094688657,
        "n": 5,
        "values": [
          0.888184,
          0.97168,
          0.975098,
          0.737793,
          0.905273
        ]
      },
      "ood_test_accuracy": {
        "mean": 0.69677734375,
        "std": 0.26442266877683074,
        "n": 5,
        "values": [
          0.626953,
          0.927734,
          0.935059,
          0.291016,
          0.703125
        ]
      },
      "ood_gap": {
        "mean": 0.198828125,
        "std": 0.16925317134168064,
        "n": 5,
        "values": [
          0.26123,
          0.043945,
          0.040039,
          0.446777,
          0.202148
        ]
      }
    },
    "main_gap_reduction": {
      "seeds": [
        0,
        1,
        2,
        3,
        4
      ],
      "values": [
        0.26123,
        0.042969,
        -0.001465,
        0.444824,
        0.202148
      ],
      "mean": 0.18994140625,
      "consistent_positive": false
    }
  },
  "scenarios": {
    "rv_main": {
      "sequence_erm": {
        "iid_test_accuracy": {
          "mean": 0.89560546875,
          "std": 0.09638417094688657,
          "n": 5
        },
        "ood_test_accuracy": {
          "mean": 0.69677734375,
          "std": 0.26442266877683074,
          "n": 5
        },
        "ood_gap": {
          "mean": 0.198828125,
          "std": 0.16925317134168064,
          "n": 5
        }
      },
      "core_only_oracle": {
        "iid_test_accuracy": {
          "mean": 1.0,
          "std": 0.0,
          "n": 5
        },
        "ood_test_accuracy": {
          "mean": 1.0,
          "std": 0.0,
          "n": 5
        },
        "ood_gap": {
          "mean": 0.0,
          "std": 0.0,
          "n": 5
        }
      },
      "nuisance_only_oracle": {
        "iid_test_accuracy": {
          "mean": 0.77236328125,
          "std": 0.003354602351038607,
          "n": 5
        },
        "ood_test_accuracy": {
          "mean": 0.233984375,
          "std": 0.014291717766465605,
          "n": 5
        },
        "ood_gap": {
          "mean": 0.53837890625,
          "std": 0.015139081216848399,
          "n": 5
        }
      },
      "final_frame_mlp": {
        "iid_test_accuracy": {
          "mean": 0.5361328125,
          "std": 0.011774565968542474,
          "n": 5
        },
        "ood_test_accuracy": {
          "mean": 0.457421875,
          "std": 0.02336465323022894,
          "n": 5
        },
        "ood_gap": {
          "mean": 0.0787109375,
          "std": 0.03307254020096186,
          "n": 5
        }
      },
      "counterfactual_invariance": {
        "iid_test_accuracy": {
          "mean": 0.80234375,
          "std": 0.26980386851247046,
          "n": 5
        },
        "ood_test_accuracy": {
          "mean": 0.79345703125,
          "std": 0.2807657523487428,
          "n": 5
        },
        "ood_gap": {
          "mean": 0.00888671875,
          "std": 0.01825153250334621,
          "n": 5
        }
      }
    },
    "rv_no_spurious": {
      "sequence_erm": {
        "iid_test_accuracy": {
          "mean": 0.50029296875,
          "std": 0.008123685290267742,
          "n": 5
        },
        "ood_test_accuracy": {
          "mean": 0.50625,
          "std": 0.0075675717836169425,
          "n": 5
        },
        "ood_gap": {
          "mean": -0.00595703125,
          "std": 0.014654133007338829,
          "n": 5
        }
      }
    }
  }
}