{
  "primary_scenario": "oescale_2p8",
  "methods": {
    "sequence_erm": {
      "val_iid_accuracy": {
        "mean": 0.96865234375,
        "std": 0.002835957228466732,
        "n": 10,
        "values": [
          0.968262,
          0.969727,
          0.969727,
          0.96875,
          0.966797,
          0.965332,
          0.963379,
          0.97168,
          0.972656,
          0.970215
        ]
      },
      "iid_test_accuracy": {
        "mean": 0.968896484375,
        "std": 0.002506193330863463,
        "n": 10,
        "values": [
          0.963867,
          0.968262,
          0.970703,
          0.968994,
          0.968994,
          0.969482,
          0.972412,
          0.968262,
          0.966309,
          0.97168
        ]
      },
      "ood_test_accuracy": {
        "mean": 0.031201171875,
        "std": 0.0024163207760280773,
        "n": 10,
        "values": [
          0.031982,
          0.035645,
          0.031982,
          0.031006,
          0.028809,
          0.032471,
          0.028564,
          0.027588,
          0.030762,
          0.033203
        ]
      },
      "ood_gap": {
        "mean": 0.9376953125,
        "std": 0.0036408890395131345,
        "n": 10,
        "values": [
          0.931885,
          0.932617,
          0.938721,
          0.937988,
          0.940186,
          0.937012,
          0.943848,
          0.940674,
          0.935547,
          0.938477
        ]
      }
    }
  },
  "scenarios": {
    "oescale_1p0": {
      "sequence_erm": {
        "iid_test_accuracy": {
          "mean": 0.968896484375,
          "std": 0.002506193330863463,
          "n": 10
        },
        "ood_test_accuracy": {
          "mean": 0.031201171875,
          "std": 0.0024163207760280773,
          "n": 10
        },
        "ood_gap": {
          "mean": 0.9376953125,
          "std": 0.0036408890395131345,
          "n": 10
        }
      }
    },
    "oescale_1p5": {
      "sequence_erm": {
        "iid_test_accuracy": {
          "mean": 0.968896484375,
          "std": 0.002506193330863463,
          "n": 10
        },
        "ood_test_accuracy": {
          "mean": 0.031201171875,
          "std": 0.0024163207760280773,
          "n": 10
        },
        "ood_gap": {
          "mean": 0.9376953125,
          "std": 0.0036408890395131345,
          "n": 10
        }
      }
    },
    "oescale_2p0": {
      "sequence_erm": {
        "iid_test_accuracy": {
          "mean": 0.968896484375,
          "std": 0.002506193330863463,
          "n": 10
        },
        "ood_test_accuracy": {
          "mean": 0.031201171875,
          "std": 0.0024163207760280773,
          "n": 10
        },
        "ood_gap": {
          "mean": 0.9376953125,
          "std": 0.0036408890395131345,
          "n": 10
        }
      }
    },
    "oescale_2p8": {
      "sequence_erm": {
        "iid_test_accuracy": {
          "mean": 0.968896484375,
          "std": 0.002506193330863463,
          "n": 10
        },
        "ood_test_accuracy": {
          "mean": 0.031201171875,
          "std": 0.0024163207760280773,
          "n": 10
        },
        "ood_gap": {
          "mean": 0.9376953125,
          "std": 0.0036408890395131345,
          "n": 10
        }
      }
    }
  }
}